DataBase;Name;Core;Branch;Terminal_Branch;Generation;volume;pH;viscosity;transition_temp;density;boiling_point;refractive_index;freezing_point;solubility;solution;PSA;nAtom;ALogP;ALogp2;AMR;apol;ECCEN;TopoPSA;MW;WPATH;WPOL;Zagreb;fragC;FMF;C1SP2;C2SP2;C3SP2;C1SP3;C2SP3;C3SP3;C4SP3;BCUTw_1l;BCUTw_1h;BCUTc_1l;BCUTc_1h;BCUTp_1l;BCUTp_1h;bpol;fr_C_O_noCOO;Chi4v;fr_Ar_COO;fr_SH;Chi4n;SMR_VSA10;fr_para_hydroxylation;fr_barbitur;fr_halogen;fr_dihydropyridine;fr_priamide;fr_Al_COO;fr_guanido;fr_furan;fr_morpholine;fr_nitroso;fr_COO2;fr_amidine;SMR_VSA7;fr_benzodiazepine;fr_Imine;MolWt;fr_hdrzine;fr_urea;fr_Ar_NH;fr_quatN;fr_benzene;fr_phos_acid;fr_sulfone;VSA_EState10;fr_aniline;fr_N_O;fr_sulfonamd;fr_thiazole;TPSA;EState_VSA8;PEOE_VSA14;PEOE_VSA13;PEOE_VSA12;PEOE_VSA11;PEOE_VSA10;BalabanJ;fr_lactone;EState_VSA10;EState_VSA11;HeavyAtomMolWt;fr_nitro_arom;Chi0;Chi1;MolLogP;fr_nitro;fr_Al_OH;fr_azo;fr_C_O;fr_ether;fr_phenol_noOrthoHbond;fr_alkyl_halide;NumValenceElectrons;fr_aryl_methyl;fr_Ndealkylation2;fr_term_acetylene;HallKierAlpha;fr_C_S;fr_thiocyan;fr_ketone_Topliss;VSA_EState4;VSA_EState5;VSA_EState6;VSA_EState7;VSA_EState1;VSA_EState2;VSA_EState3;fr_HOCCN;fr_NH2;SlogP_VSA12;EState_VSA9;SlogP_VSA10;SlogP_VSA11;fr_COO;NHOHCount;fr_unbrch_alkane;fr_methoxy;fr_thiophene;SlogP_VSA8;SlogP_VSA9;SlogP_VSA4;SlogP_VSA5;SlogP_VSA6;SlogP_VSA7;SlogP_VSA1;SlogP_VSA2;SlogP_VSA3;fr_phos_ester;fr_piperzine;fr_nitrile;NumHeteroatoms;fr_NH1;fr_NH0;BertzCT;LabuteASA;fr_amide;Chi3n;fr_imidazole;SMR_VSA3;SMR_VSA2;SMR_VSA1;Kappa1;SMR_VSA6;Kappa3;Kappa2;EState_VSA6;Chi3v;SMR_VSA9;SMR_VSA8;EState_VSA2;EState_VSA3;fr_Ndealkylation1;EState_VSA1;fr_ketone;SMR_VSA5;Ipc;fr_diazo;SMR_VSA4;fr_Ar_N;fr_Nhpyrrole;EState_VSA7;fr_ester;EState_VSA4;NumHDonors;fr_prisulfonamd;fr_oxime;EState_VSA5;fr_isocyan;Chi2n;Chi2v;HeavyAtomCount;fr_azide;NumHAcceptors;fr_lactam;fr_allylic_oxid;VSA_EState8;fr_oxazole;VSA_EState9;fr_piperdine;fr_Ar_OH;fr_sulfide;fr_alkyl_carbamate;NOCount;Chi1n;PEOE_VSA8;PEOE_VSA7;PEOE_VSA6;PEOE_VSA5;PEOE_VSA4;PEOE_VSA3;PEOE_VSA2;PEOE_VSA1;fr_imide;Chi1v;fr_Al_OH_noTert;fr_epoxide;fr_hdrzone;fr_isothiocyan;fr_bicyclic;Chi0n;fr_phenol;MolMR;PEOE_VSA9;MolecularFormula;fr_aldehyde;fr_pyridine;fr_tetrazole;RingCount;fr_nitro_arom_nonortho;Chi0v;fr_ArN;NumRotatableBonds;SMILES
ChemSpider;4880347;;;;;;;;;1.7;;1.84;;;;178;92;2.0514;4.20824196;266.1314;122.690204;2580;178.26;880.11853732;18250;136;376;6372.14;0.875;4;38;8;0;0;0;0;11.9882566204;31.9730775044;-0.3481535717;0.3203463768;5.9328012442;12.1074392195;55.185796;0;10.8088183836;0;0;8.2869363329;51.9918515596;0;0;0;0;0;0;0;0;0;0;0;0;211.273494233;0;0;880.912;0;0;0;0;8;0;2;-7.9050534926;0;0;0;0;164.88;0;0;22.2370675802;19.6745062728;0;22.9980473331;1.066585911;0;36.0137427049;0;852.688;0;44.0696098961;30.8613802433;10.4362;0;0;0;0;2;0;0;310;0;0;0;-8.2;0;0;0;0;0;0;0;0;0;0;0;0;19.6745062728;9.4737259076;0;22.9980473331;0;0;0;0;0;54.8190208195;0;0;0;208.618360555;0;31.7107934878;9.1341992956;16.8355939687;0;0;0;14;0;2;3678.73117722;361.775370236;0;11.4483537042;0;9.1341992956;0;26.3093198763;38.7029018579;0;6.0233225867;14.170128037;60.6636706846;15.0194255716;45.4997228659;0;86.2720990714;11.1269029834;0;41.911573853;0;19.5819339021;3.6635815948e+14;0;0;2;0;0;0;9.1341992956;0;0;0;109.194607232;0;15.1600703558;19.0594355897;64;0;12;0;0;56.655138622;0;112.749914871;0;0;0;0;12;19.7073676313;44.4500794237;132.454244353;36.3982024108;0;0;25.9697932642;19.1781487363;9.4737259076;0;22.6736941265;0;0;0;0;1;32.9592142139;0;240.968;30.9567064514;C50H28N2O10S2;0;2;0;27;0;34.5922073757;0;0;C1=CC2=CC(=C1)OC3=CC=C(C=C3)S(=O)(=O)C4=CC=C(C=C4)C5=CC=C(C=C5)S(=O)(=O)C6=CC=C(C=C6)OC7=CC=CC(=C7)N8C(=O)C9=C1C(=CC=C3C1=C(C=C9)C(=O)N2C3=O)C8=O 
ChemSpider;24603649;;;;;;;;;1.6;;1.693;;;;253;132;4.3296;18.74543616;369.7718;171.974548;8234;253.02;1334.15736344;82186;190;558;11905.26;0.7916666667;8;48;12;2;0;0;0;11.9973256881;31.9730811846;-0.3108320509;0.4372700854;3.6460609911;12.1070230855;78.941452;0;13.9932411327;0;0;11.471359082;62.7642999886;0;0;6;0;0;0;0;0;0;0;0;0;312.346550081;0;0;1335.194;0;0;0;0;10;0;2;-8.2151463499;0;0;0;0;243.02;0;12.3525970349;44.4741351604;19.6745062728;0;22.9980473331;0.6269798874;0;81.5343817273;0;1298.906;0;67.6546673759;45.6471110748;12.9946;0;0;0;0;2;0;6;474;0;0;0;-12.16;0;0;0;0;0;0;0;0;0;0;0;0;19.6745062728;9.4737259076;26.342490286;22.9980473331;0;0;0;0;0;76.9662417978;0;0;11.1269029834;276.327445839;0;53.947861068;30.6209956261;16.8355939687;0;0;0;26;0;4;5780.69468216;531.841597401;0;16.2004083227;0;18.2683985912;0;52.6518101623;61.3510342673;0;10.302871577;22.2708702198;24.2654682738;19.77148019;56.8744954153;0;108.41932005;32.3938364159;0;87.6281414515;0;31.934530937;1.3059218815e+25;0;0;4;0;0;0;69.7978699802;0;0;0;121.327341369;0;21.9630599817;25.8624252157;96;0;18;0;0;138.811379576;0;146.070433441;0;0;0;0;18;28.3801666995;12.1327341369;168.852446763;48.5309365477;0;26.342490286;35.1039925598;38.3562974726;9.4737259076;0;31.3464931947;0;0;0;0;4;48.3732235583;0;341.336;96.5481756999;C70H36F6N4O14S2;0;0;0;14;0;50.0062167202;0;15;C1=CC(=CC(=C1)N2C(=O)C3=CC4=C(C=C3C2=O)C(=O)N(C4=O)C5=CC(=CC=C5)OC6=CC=C(C=C6)S(=O)(=O)C7=CC=C(C=C7)C8=CC=C(C=C8)S(=O)(=O)C9=CC=C(C=C9)OC1=CC=CC(=C1)N1C(=O)C2=C(C1=O)C=C1C(=C2)C(=O)N(C1=O)C1=CC=CC(=C1)C(F)(F)F)C(F)(F)F 
ChemSpider;24603647;;;;;;;;;1.6;;1.731;;;;431;236;7.4698;55.79791204;672.2972;311.411924;24904;431.28;2314.30720092;423458;356;986;40065.4;NA;12;90;24;2;0;0;0;11.9973154202;31.9751061316;-0.3108320509;0.437820162;3.662210184;12.1100265151;138.500076;0;26.6039627497;0;0;21.5601986482;136.301048406;0;0;6;0;0;0;0;0;0;0;0;0;547.885512588;0;0;2316.226;0;0;0;0;20;0;4;-16.6212403385;0;0;0;0;407.9;0;12.3525970349;66.7112027406;39.3490125457;0;45.9960946663;0.3723519519;0;117.548124432;0;2247.682;0;116.862105474;80.5084913181;25.7372;0;0;0;0;4;0;6;820;0;0;0;-21.4;0;0;0;0;0;0;0;0;0;0;0;0;39.3490125457;18.9474518152;26.342490286;45.9960946663;0;0;0;0;0;153.330159475;0;0;11.1269029834;509.211274668;0;85.6586545558;39.7551949216;33.6711879373;0;0;0;40;0;6;11495.1984874;937.61181894;0;29.6547450911;0;27.4025978867;0;78.9611300386;105.541230487;0;17.5153461879;39.2225419993;60.6636706846;36.7968888257;102.374218281;0;216.236315979;43.5207393993;0;129.539715305;0;51.516464839;3.62443762257e+59;0;0;6;0;0;0;42.533866865;0;0;0;315.45108756;0;39.3791134017;47.1778438695;168;0;30;0;0;200.019678857;0;269.434894814;0;0;0;0;30;50.9208676641;121.217504134;325.57215939;84.9291389585;0;26.342490286;61.0737858241;57.5344462089;18.9474518152;0;56.8535206545;0;0;0;0;0;85.6418388489;0;617.316;84.4150884356;C128H68F6N6O24S4;0;6;0;26;0;88.9078251726;0;26;C1=CC(=CC(=C1)N2C(=O)C3=C4C(=CC=C5C4=C(C=C3)C(=O)N(C5=O)C6=CC(=CC=C6)OC7=CC=C(C=C7)S(=O)(=O)C8=CC=C(C=C8)C9=CC=C(C=C9)S(=O)(=O)C1=CC=C(C=C1)OC1=CC=CC(=C1)N1C(=O)C3=C4C(=CC=C5C4=C(C=C3)C(=O)N(C5=O)C3=CC(=CC=C3)OC3=CC=C(C=C3)S(=O)(=O)C3=CC=C(C=C3)C3=CC=C(C=C3)S(=O)(=O)C3=CC=C(C=C3)OC3=CC=CC(=C3)N3C(=O)C4=C5C(=CC=C6C5=C(C=C4)C(=O)N(C6=O)C4=CC=CC(=C4)C(F)(F)F)C3=O)C1=O)C2=O)C(F)(F)F 
ChemSpider;98294;;;;;;;;;1.1;648;1.551;;;;65;85;4.0558;16.44951364;170.9971;94.160478;1436;65.4;534.34575832;6736;56;184;5914.06;0.3333333333;4;14;2;10;2;0;1;11.9961065703;15.9993112999;-0.4129069209;0.1158125286;5.3370877073;11.6694571795;58.079522;0;4.3661668143;0;0;4.3661668143;0;0;0;0;0;0;0;0;0;0;0;0;0;110.277662693;0;0;534.741;0;0;0;0;2;0;0;0;0;0;0;0;65.4;74.2285048693;0;0;0;0;36.9207203711;1.9092056971;0;10.2130547897;0;488.373;0;28.6751513396;18.7254437416;4.8399;0;2;0;0;2;0;0;212;0;0;0;-3.16;0;0;0;0;0;0;0;0;0;0;0;0;0;9.4737259076;0;11.4990236666;0;2;0;0;0;0;0;0;24.9743773828;99.1507597094;0;9.4737259076;84.7031093914;5.4149904694;0;0;0;6;0;2;915.504441139;234.729094903;0;6.5238710083;0;9.7998194617;0;19.6867806973;32.0542079904;52.4823023645;10.8527329134;16.7258248465;0;6.5238710083;11.4990236666;0;18.6287543984;39.2685384355;0;12.2079327755;0;31.4703976443;250187204.432;0;0;0;0;48.5695487012;0;22.62592665;2;0;0;0;0;10.1951967103;10.1951967103;39;0;6;0;0;0;0;85.5833333333;0;0;0;0;6;13.4410768309;44.6835289049;35.3923712572;62.4170231006;26.3157427344;0;0;9.7998194617;19.6867806973;0;13.4410768309;2;0;0;0;0;23.6735361058;0;161.6836;0;C33H46N2O4;0;0;0;2;0;23.6735361058;0;20;CC(C)(C1=CC=C(C=C1)OCC(CN(CC=C)CC=C)O)C2=CC=C(C=C2)OCC(CN(CC=C)CC=C)O 
ChemSpider;2297786;;;;;;;;;1.1;152.1;1.513;;;;3;21;-1.166;1.359556;27.3667;22.088309;62;3.24;111.10479952;58;7;42;428.01;1;0;0;0;2;5;0;0;11.9;14.0030775573;-0.2998185;0.0564469619;6.6401012646;7.9822615835;16.191691;0;1.7390288546;0;0;1.7390288546;0;0;0;0;0;0;0;0;0;0;0;0;0;0;0;0;111.188;0;0;0;0;0;0;0;0;0;0;0;0;3.24;4.8999097309;0;0;0;0;0;1.9218146147;0;0;0;98.084;0;5.3973412255;3.9663264952;1.2446;0;0;0;0;0;0;0;46;0;0;0;-0.04;0;0;0;0;0;0;0;0;0;0;0;0;0;0;0;0;0;0;0;0;0;0;0;0;25.6832864917;0;0;0;24.0312633718;0;0;0;0;1;0;1;78.3876155629;50.6770750774;0;2.4986090886;0;4.8999097309;0;0;4.8030325255;13.0895128118;0.5756305551;1.7283806669;0;2.4986090886;0;0;0;0;0;0;0;31.7251273209;84.4839617386;0;0;0;0;0;0;6.0418408292;0;0;0;38.7727993035;0;2.9742493216;2.9742493216;8;0;1;0;0;0;0;12.3333333333;1;0;0;0;1;3.7071510027;6.0418408292;32.3519776806;6.4208216229;0;0;0;0;4.8999097309;0;3.7071510027;0;0;0;0;1;5.2672045518;0;33.829;0;C7H13N;0;0;0;2;0;5.2672045518;0;0;C1CCN2CCC2C1 
ChemSpider;49071664;;;;;;;;;1.1;828.3;1.499;;;;205;104;-3.5455;12.57057025;166.4055;107.595994;2917;204.62;682.38228014;15105;49;200;8955.16;0.1739130435;1;0;0;21;7;0;0;11.9942458204;31.9720734194;-0.3783834518;0.2724721153;4.4742304676;11.5317010535;86.166006;2;6.1133860251;0;0;4.5697971029;23.7001791911;0;0;0;0;0;0;0;0;0;0;0;0;0;0;0;682.878;0;1;0;0;0;0;0;1.9027363103;0;0;0;0;179.32;15.950365812;6.0311145123;0;5.9071797294;0;0;1.1714417393;0;9.5890743681;0;624.414;0;32.756809031;22.7027086004;-0.0635;0;0;0;2;9;0;0;270;0;0;0;-1.31;0;0;0;0;0;0;0;0;0;0;0;1;11.7618849494;48.3654340614;4.7945371841;0;0;4;28;0;0;0;0;0;25.6832864917;0;0;21.6840332892;167.03815571;47.4263037683;0;0;0;16;3;0;746.97526413;277.768448577;3;6.8874509102;0;15.950365812;0;52.2208409523;40.8631769204;137.76624178;22.2940446783;29.8003448648;0;8.3960899706;0;0;24.0219759;143.684147826;0;0;0;43.01690618;14970996265.6;0;5.7336674772;0;0;11.7618849494;0;25.0153184755;4;0;0;0;0;10.5176228012;11.7897883282;46;0;13;0;0;0;0;101.763930356;0;0;1;0;15;16.5546466966;30.5131260715;12.8416432459;6.4208216229;0;11.7618849494;4.7945371841;4.7945371841;64.3157998734;0;17.6034014866;0;0;0;0;1;27.386050092;0;173.3925;131.00755702;C30H58N4O11S;0;0;0;2;0;28.2025466729;0;35;C1C2C(C(S1)CCCCC(=O)NCCOCCOCCOCCOCCOCCOCCOCCOCCOCCN)NC(=O)N2 
ChemSpider;17346163;;;;;;;;;1.2;736.5;1.472;;;;195;105;-2.1117;4.45927689;167.1025;105.107994;3078;194.59;690.36740086;17208;44;186;8654.17;0;2;0;0;26;2;0;0;11.9961137321;16.0113161532;-0.3787674214;0.2812266042;3.6083214286;6.3361810718;90.230006;0;3.0599784999;0;0;3.0599784999;11.9386105759;0;0;0;0;0;2;0;0;0;0;2;0;0;0;0;690.777;0;0;0;0;0;0;0;0;0;0;0;0;194.59;0;11.9386105759;0;0;0;0;3.0513867795;0;9.5890743681;0;632.313;0;34.146078567;23.1258976577;0.1516;0;0;0;2;13;0;0;280;0;0;0;-1.58;0;0;0;0;0;0;0;0;0;0;0;0;0;71.7922731891;0;0;2;2;38;0;0;0;0;0;12.8416432459;0;0;0;193.930596443;71.1682927675;0;0;0;17;0;0;591.531658043;277.710172033;0;5.384631838;0;0;0;81.3813475572;45.42;171.778931077;44.42;40.5941949157;0;5.384631838;0;0;26.0554071749;158.565167148;0;11.9386105759;0;12.8416432459;10690818633.5;0;0;0;0;0;0;0;2;0;0;0;0;9.2483187505;9.2483187505;47;0;15;0;0;0;0;116.833333333;0;0;0;0;17;16.0681221666;0;0;0;0;0;0;9.5890743681;71.7922731891;0;16.0681221666;0;0;0;0;0;27.8171414212;0;165.1526;184.620574323;C30H58O17;0;0;0;0;0;27.8171414212;0;42;C(COCCOCCOCCOCCOCCOCCOCCOCCOCCOCCOCCOCCOCCC(=O)O)C(=O)O 
ChemSpider;17339164;;;;;;;;;1.1;807.2;1.469;;;;227;145;-3.9637;15.71091769;227.6951;143.848612;5400;227.41;896.56682914;37820;58;238;17076.21;0;0;0;0;40;0;0;0;11.9932014228;16.013125701;-0.3780165924;0.1102978499;4.5312465138;6.3274324214;126.913388;0;4.2271663899;0;0;4.2271663899;0;0;0;0;0;0;0;0;0;0;0;0;0;0;0;0;897.107;0;0;0;0;0;0;0;0;0;0;0;0;227.41;0;0;0;0;0;0;3.0578687982;0;0;0;812.435;0;43.71930009;30.4142135624;-0.7808;0;0;0;0;19;0;0;368;0;0;0;-0.84;0;0;0;0;0;0;0;0;0;0;0;2;0;101.467731077;0;0;0;2;56;0;0;0;0;0;0;0;0;11.4673349543;264.151027463;90.0003961222;0;0;0;21;0;0;702.339110865;364.809134244;0;7.2205298177;0;0;0;90.0003961222;60.16;264.151027463;59.16;59.16;0;7.2205298177;0;0;0;264.151027463;0;0;0;0;1.32578647899e+13;0;11.4673349543;0;0;0;0;0;2;0;0;0;0;12.2124265474;12.2124265474;61;0;21;0;0;0;0;134.5;0;0;0;0;21;21.7861516955;13.0895128118;0;0;0;0;0;0;101.467731077;0;21.7861516955;0;0;0;0;0;37.1956893047;0;223.6698;251.061514651;C40H84N2O19;0;0;0;0;0;37.1956893047;0;58;C(COCCOCCOCCOCCOCCOCCOCCOCCOCCOCCOCCOCCOCCOCCOCCOCCOCCOCCOCCN)N 
ChemSpider;29354498;;;;;;;;;1.1;628.8;1.461;;;;148;92;-1.6851;2.83956201;145.275;91.661236;2241;148.06;588.33570676;10623;37;156;6721.14;0;1;0;0;23;1;0;0;11.9961256439;16.0083361287;-0.3822153337;0.2810960377;3.6093029007;6.3322864634;80.796764;0;2.602931996;0;0;2.602931996;5.969305288;0;0;0;0;0;1;0;0;0;0;1;0;0;0;0;588.688;0;0;0;0;0;0;0;0;0;0;0;0;148.06;0;5.969305288;0;0;0;0;3.0268883558;0;4.7945371841;0;536.272;0;29.0331943919;19.77005561;0.2901;0;0;0;1;12;0;0;240;0;0;0;-1.01;0;0;0;0;0;0;0;0;0;0;0;0;0;61.9488828404;0;0;1;1;33;1;0;0;0;0;6.4208216229;0;0;0;170.143915408;61.6368926297;0;0;0;14;0;0;486.317385728;238.181102494;0;4.6121448366;0;0;0;66.7434200245;38.99;159.068082725;36.99;36.0163227165;7.1097975413;4.6121448366;0;0;13.0277035874;145.351403219;0;5.969305288;0;6.4208216229;416730413.923;0;0;0;0;0;0;0;1;0;0;0;0;7.8726346157;7.8726346157;40;0;13;0;0;0;0;94.6666666667;0;0;0;0;14;13.8290607197;7.1097975413;0;0;0;0;0;4.7945371841;61.9488828404;0;13.8290607197;0;0;0;0;0;24.22500412;0;143.1378;158.379106807;C26H52O14;0;0;0;0;0;24.22500412;0;36;COCCOCCOCCOCCOCCOCCOCCOCCOCCOCCOCCOCCC(=O)O 
ChemSpider;21884608;;;;;;;;;1.3;959.3;1.53;;;;326;154;-2.38;5.6644;266.352;161.55144;7440;325.64;1108.45424408;64997;81;318;18623.28;0.9189189189;6;0;0;34;6;0;0;11.9882679037;31.9730788659;-0.3787664665;0.3099269555;4.3684464544;10.4167570859;131.29256;6;7.2311389678;0;0;5.5082966118;57.1551254461;0;0;0;0;0;0;0;0;0;0;0;0;0;0;0;1109.27;0;0;0;0;0;0;0;3.4957062687;0;4;0;0;275.04;0;11.9386105759;23.6287189174;0;0;0;1.1107946888;0;28.7672231044;0;1028.63;0;53.0452090247;36.3799178531;0.628;0;0;0;6;16;0;0;430;0;0;0;-2.72;0;0;0;0;0;0;0;0;0;0;0;0;21.5877959528;85.4649844283;0;0;0;0;51;0;0;0;0;0;38.5249297376;0;0;0;268.619695021;114.232207533;0;0;0;28;0;2;1294.55136882;441.236857076;4;9.2122510786;0;10.1264354499;0;114.232207533;67.3899150478;222.925930078;41.4448197265;51.0599189348;21.5877959528;11.5455844119;0;0;64.9524575956;195.119130456;0;35.5673294933;0;38.5249297376;8.34644619492e+15;0;0;0;0;0;0;11.5057072135;0;0;0;0;0;15.032209986;17.7343246501;74;0;26;0;0;0;0;179.170960398;0;0;0;0;26;24.995510311;37.1889937052;0;21.5877959528;10.1264354499;0;9.5890743681;19.1781487363;85.4649844283;2;27.4835441827;0;0;0;0;0;42.7931539905;0;261.612;224.26186611;C46H80N2O24S2;0;0;0;2;0;44.4261471524;0;59;C1CC(=O)N(C1=O)OC(=O)CCOCCOCCOCCOCCOCCOCCOCCOCCSSCCOCCOCCOCCOCCOCCOCCOCCOCCC(=O)ON2C(=O)CCC2=O 
ChemSpider;17345687;;;;;;;;;1.1;559.7;1.477;;;;150;68;-0.7296;0.53231616;113.5203;69.698134;1231;149.94;458.21856872;4468;27;116;3619.11;0;1;0;0;17;1;0;0;11.9961570992;31.9720725803;-0.3786653917;0.2810308244;3.609308655;7.6838059116;60.107866;0;1.9945826564;0;1;1.8654832115;18.598094436;0;0;0;0;0;1;0;0;0;0;1;0;0;0;0;458.57;0;0;0;0;0;0;0;4.0461762694;0;0;0;0;111.14;12.628789148;5.969305288;0;0;0;0;2.9946677725;0;4.7945371841;0;420.266;0;21.96212658;14.77005561;0.5237;0;0;0;1;8;0;0;180;0;0;0;-0.5;0;0;0;0;0;0;0;0;0;0;0;0;12.628789148;43.0014310252;0;0;1;1;23;0;0;0;0;0;6.4208216229;0;0;0;122.538797722;42.6894408145;0;0;0;11;0;0;349.276814164;184.327393439;0;3.2999490471;0;0;0;47.7959682093;29.5;111.462965039;27.5;26.5350877193;0;3.482523233;0;0;13.0277035874;99.1032294677;0;5.969305288;0;6.4208216229;3141733.76745;0;0;0;0;0;0;5.7528536068;2;0;0;0;0;5.7663248265;6.213538422;30;0;10;0;0;0;0;68.8427126195;0;0;0;0;10;10.2163142531;5.7528536068;0;0;0;12.628789148;0;4.7945371841;43.0014310252;0;10.8487697851;0;0;0;0;0;17.7965838665;0;112.6578;112.130933055;C19H38O10S;0;0;0;0;0;18.6910110575;0;26;C(COCCOCCOCCOCCOCCOCCOCCOCCS)C(=O)O 
ChemSpider;17345686;;;;;;;;;1.1;423.7;1.46;;;;103;55;-0.303;0.091809;91.6928;56.251376;726;103.41;356.18687462;2024;20;86;2410.08;0;0;0;0;14;0;0;0;11.9984429814;31.9726779805;-0.3820834101;0.0837314327;4.2275604935;7.692274002;50.674624;0;1.5375361524;0;1;1.4084367076;12.628789148;0;0;0;0;0;0;0;0;0;0;0;0;0;0;0;356.481;0;0;0;0;0;0;0;4.0435862805;0;0;0;0;64.61;12.628789148;0;0;0;0;0;2.9219621944;0;0;0;324.225;0;16.8492424049;11.4142135624;0.6622;0;0;0;0;7;0;0;140;0;0;0;0.07;0;0;0;0;0;0;0;0;0;0;0;0;12.628789148;33.1580406766;0;0;0;0;18;1;0;0;0;0;0;0;0;0;98.7521166867;33.1580406766;0;0;0;8;0;0;190.264413357;144.798323899;0;2.5274620457;0;0;0;33.1580406766;23.07;98.7521166867;22.07;22.07;7.1097975413;2.7100362316;0;0;0;85.8894655387;0;0;0;0;119072.772358;0;0;0;0;0;0;5.7528536068;1;0;0;0;0;4.3906406918;4.8378542873;23;0;8;0;0;0;0;46.6786359418;0;0;0;0;7;7.9772528062;12.862651148;0;0;0;12.628789148;0;0;33.1580406766;0;8.6097083383;0;0;0;0;0;14.2044465654;0;90.643;85.8894655387;C15H32O7S;0;0;0;0;0;15.0988737564;0;20;COCCOCCOCCOCCOCCOCCOCCS 
ChemSpider;17339188;;;;;;;;;1.1;669.5;1.462;;;;157;108;-1.0422;1.08618084;170.1402;107.931166;2891;157.29;674.40887178;15893;44;186;9379.15;0;1;0;0;28;1;1;0;11.9961112016;16.0093397722;-0.4184607277;0.2644311609;3.7196547125;8.136810047;93.644834;1;3.1336965302;0;0;3.1336965302;5.969305288;0;0;0;0;0;0;0;0;0;0;0;0;0;0;0;674.822;0;0;0;0;0;0;0;0;0;0;0;0;157.29;0;5.969305288;0;0;0;5.601050811;3.0876019512;0;4.7945371841;0;612.326;0;33.6545147355;22.4545070219;0.9097;0;1;0;1;13;0;0;276;0;0;0;-1.05;0;0;0;0;0;0;0;0;0;0;0;0;0;66.6857457942;0;0;0;1;35;0;0;0;0;0;27.192033222;0;0;0;181.848932607;66.3737555835;0;0;0;15;0;0;606.978015299;275.119358296;0;5.1982632607;0;0;0;71.4802829783;44.95;165.172049113;40.9732828871;36.7801945854;0;5.1982632607;0;0;18.9970088754;158.565167148;0;5.601050811;0;32.793084033;5271221863.42;0;0;0;0;20.7712115991;1;0;1;0;0;0;0;10.4085190023;10.4085190023;46;0;15;0;0;0;0;106.416666667;0;0;0;0;15;16.2103568226;0;20.7712115991;0;0;0;0;4.7945371841;66.6857457942;0;16.2103568226;1;0;0;0;0;28.5474659728;0;167.3758;171.592870736;C31H62O15;0;0;0;0;0;28.5474659728;0;40;CC(C)(C)OC(=O)CCOCCOCCOCCOCCOCCOCCOCCOCCOCCOCCOCCOCCO 
ChemSpider;4385544;;;;;;;;;1.1;547.7;1.465;;;;129;76;-0.6934;0.48080356;119.2443;75.716892;1337;128.96;468.30468134;5246;30;130;4633.11;0;0;0;0;19;0;1;0;11.993284153;16.0029714307;-0.3780050838;0.3379754865;4.36770259;8.1230351696;64.387108;1;2.0443140162;0;0;2.0443140162;6.0932400709;0;0;0;0;0;0;0;0;0;0;0;0;0;0;0;468.588;0;0;0;0;0;0;0;0;0;0;0;0;128.96;5.316788604;6.0932400709;0;0;0;5.601050811;3.1002849807;0;4.7945371841;0;424.236;0;23.7550197989;15.4545070219;0.586;0;0;0;1;8;0;0;192;0;0;0;-1.05;0;0;0;0;0;0;0;0;0;0;0;1;0;43.6285711076;4.7945371841;0;0;2;21;0;0;0;0;0;20.7712115991;0;0;11.0504560812;117.280151197;37.8949036304;0;0;0;11;1;0;409.221783161;191.997730132;1;3.4088606331;0;5.316788604;0;42.6894408145;30.95;105.585860315;26.9845423143;23.11974954;0;3.4088606331;0;0;0;105.585860315;0;11.6942908819;0;26.3722624101;5657968.62793;0;5.7336674772;0;0;20.7712115991;0;0;2;0;0;0;0;7.5039508666;7.5039508666;32;0;10;0;0;0;0;74.4166666667;0;0;0;1;11;11.1656260011;13.0895128118;20.7712115991;0;0;0;4.7945371841;0;48.9453597116;0;11.1656260011;0;0;0;0;0;20.0652933823;0;119.0241;92.4963475032;C21H44N2O9;0;0;0;0;0;20.0652933823;0;26;CC(C)(C)OC(=O)NCCOCCOCCOCCOCCOCCOCCOCCN 
ChemSpider;4256166;;;;;;;;;1.1;667.6;1.467;;;;166;104;-1.217;1.481089;163.4183;103.67358;2633;165.88;644.40954046;13884;42;178;8717.15;0;0;0;0;27;0;1;0;11.9932381622;16.0070229115;-0.3780053575;0.3380197089;4.3676963323;8.1230417063;89.54242;1;2.9239668274;0;0;2.9239668274;6.0932400709;0;0;0;0;0;0;0;0;0;0;0;0;0;0;0;644.8;0;0;0;0;0;0;0;0;0;0;0;0;165.88;5.316788604;6.0932400709;0;0;0;5.601050811;3.0878940923;0;4.7945371841;0;584.32;0;32.2403011731;21.4545070219;0.6524;0;0;0;1;12;0;0;264;0;0;0;-1.21;0;0;0;0;0;0;0;0;0;0;0;1;0;62.5760229228;4.7945371841;0;0;2;33;0;0;0;0;0;20.7712115991;0;0;11.0504560812;170.135206913;56.8423554456;0;0;0;15;1;0;585.959615744;263.371447966;1;4.8968945048;0;5.316788604;0;61.6368926297;42.79;158.440916031;38.8145158127;34.6591299892;0;4.8968945048;0;0;0;158.440916031;0;11.6942908819;0;26.3722624101;1990305675.01;0;5.7336674772;0;0;20.7712115991;0;0;2;0;0;0;0;9.9534406094;9.9534406094;44;0;14;0;0;0;0;100.416666667;0;0;0;1;15;15.4750270778;13.0895128118;20.7712115991;0;0;0;4.7945371841;0;67.8928115268;0;15.4750270778;0;0;0;0;0;27.3551407937;0;162.3001;145.351403219;C29H60N2O13;0;0;0;0;0;27.3551407937;0;38;CC(C)(C)OC(=O)NCCOCCOCCOCCOCCOCCOCCOCCOCCOCCOCCOCCN 
ChemSpider;3831175;;;;;;;;;1.1;609.8;1.466;;;;147;90;-0.9552;0.91240704;141.3313;89.695236;1931;147.42;556.3571109;8881;36;154;6515.13;0;0;0;0;23;0;1;0;11.9932581203;16.0049951478;-0.3780052209;0.3379971623;4.3676994587;8.1230384313;76.964764;1;2.4841404218;0;0;2.4841404218;6.0932400709;0;0;0;0;0;0;0;0;0;0;0;0;0;0;0;556.694;0;0;0;0;0;0;0;0;0;0;0;0;147.42;5.316788604;6.0932400709;0;0;0;5.601050811;3.0909598623;0;4.7945371841;0;504.278;0;27.997660486;18.4545070219;0.6192;0;0;0;1;10;0;0;228;0;0;0;-1.13;0;0;0;0;0;0;0;0;0;0;0;1;0;53.1022970152;4.7945371841;0;0;2;27;0;0;0;0;0;20.7712115991;0;0;11.0504560812;143.707679055;47.368629538;0;0;0;13;1;0;496.420086862;227.684589049;1;4.152877569;0;5.316788604;0;52.1631667221;36.87;132.013388173;32.8986779467;28.8673016332;0;4.152877569;0;0;0;132.013388173;0;11.6942908819;0;26.3722624101;106631063.09;0;5.7336674772;0;0;20.7712115991;0;0;2;0;0;0;0;8.728695738;8.728695738;38;0;12;0;0;0;0;87.4166666667;0;0;0;1;13;13.3203265395;13.0895128118;20.7712115991;0;0;0;4.7945371841;0;58.4190856192;0;13.3203265395;0;0;0;0;0;23.710217088;0;140.6621;118.923875361;C25H52N2O11;0;0;0;0;0;23.710217088;0;32;CC(C)(C)OC(=O)NCCOCCOCCOCCOCCOCCOCCOCCOCCOCCN 
ChemSpider;32699217;;;;;;;;;1.5;1418.5;1.709;;;;404;129;0.0413;0.00170569;270.4583;150.711201;2855;403.69;1047.32888172;25171;125;392;13113.24;0.6944444444;9;15;3;9;9;3;0;11.89;31.974082006;-0.3312693434;0.2810252315;4.7359483286;13.0345544766;83.714799;6;13.8171559643;0;0;9.20923315;88.6366490881;0;0;0;0;0;3;0;0;0;0;3;0;107.685860502;0;0;1048.236;0;0;0;0;3;0;0;3.3140839576;0;0;0;0;327.79;37.217520228;17.9079158639;0;35.4430783761;0;59.7504402753;1.1949787307;0;58.4704168412;0;990.78;0;52.6114262594;33.8219497557;-0.1819;0;0;0;9;0;0;0;384;0;0;0;-6.18;0;0;0;0;0;0;0;0;0;0;0;1;35.2856548482;5.7336674772;0;0;3;11;0;0;0;0;0;0;58.2327776732;90.9955060269;0;42.9511877052;158.309739416;43.1508346566;0;0;0;24;7;1;2613.99553981;426.625020235;6;12.9507823592;0;42.1174299589;0;58.4704168412;53.6148542572;0;11.072222158;21.1146385107;120.405195088;17.5330564117;0;0;11.1269029834;5.5634514917;0;138.090247501;0;126.281676459;2.08424862834e+15;0;5.7336674772;0;0;0;0;23.5237698988;11;0;0;28.7945288172;0;19.3094842535;24.671907171;72;0;15;1;0;0;0;188.435916042;0;0;3;0;21;22.8110088656;14.2410673597;58.2327776732;90.9955060269;35.2856548482;0;4.7945371841;48.9898746806;52.5371024126;0;25.4499672994;0;0;0;0;1;39.8536414049;0;268.0237;10.7477456259;C48H57N9O12S3;0;0;0;7;0;42.3031311477;0;23;CC1(C(NC(S1)C(C(=O)NC(C2=CC=CC=C2)C(=O)NC(C3NC(C(S3)(C)C)C(=O)O)C(=O)NC(C4=CC=CC=C4)C(=O)NC5C6N(C5=O)C(C(S6)(C)C)C(=O)O)NC(=O)C(C7=CC=CC=C7)N)C(=O)O)C 
ChemSpider;163569;;;;;;;;;1.3;776.9;1.549;;;;234;97;3.1996;10.23744016;192.6002;108.157306;1937;234.46;770.2534336;14806;78;254;6439.18;0.1090909091;12;11;1;9;0;0;2;11.79;16.0100802836;-0.312429522;0.3433012535;4.3631036034;11.1437287166;70.226694;8;3.7705741314;0;0;3.7705741314;59.377084419;0;0;0;0;0;0;0;0;0;0;0;0;99.6922874397;0;0;770.741;0;0;0;0;1;0;0;0;2;0;0;0;234.46;50.1071913096;48.0023118696;0;0;0;63.6850366549;3.2020756673;0;38.3562974726;0;728.405;0;41.4427360531;26.0820159581;3.44002;0;0;0;8;8;0;0;296;1;0;0;-6.98;0;0;0;0;0;0;0;0;0;0;0;0;0;37.8949036304;20.9638469175;0;0;2;0;0;0;0;0;17.7537181385;5.5634514917;94.128835948;0;10.633577208;100.857367586;66.6621267348;0;0;0;18;2;0;1543.907989;315.907253476;2;6.8632836763;0;0;0;76.251201103;46.0408246564;63.4886329241;17.3938389494;23.5549357049;6.9237371997;6.8632836763;0;0;11.3747725494;5.5634514917;0;111.687348524;0;6.9237371997;250458004278;0;10.8299809388;0;0;0;6;36.456120641;2;0;0;18.1991012054;0;11.302975006;11.302975006;55;0;16;0;0;0;0;159.833333333;0;0;0;0;18;15.8233889473;47.8308931904;24.6199228283;45.5399811701;0;0;38.3562974726;10.633577208;37.8949036304;0;15.8233889473;0;0;0;0;0;30.1276200067;0;192.9224;0;C37H42N2O16;0;0;0;1;0;30.1276200067;0;34;CC1=C(C=C(C=C1)NC(=O)OCC(COC(=O)C=C)(COC(=O)C=C)COC(=O)C=C)NC(=O)OCC(COC(=O)C=C)(COC(=O)C=C)COC(=O)C=C 
ChemSpider;1266719;;;;;;;;;1.2;347.9;1.614;;;;43;26;0.0858;0.00736164;67.4844;31.95393;273;35.53;214.06299426;533;14;76;489.03;0.9375;2;11;0;0;0;0;0;11.9937326817;16.0009704151;-0.3679261091;0.1786325602;4.9336164594;8.0253261702;15.72207;1;1.1562825719;0;0;1.1562825719;5.7832449464;0;0;0;0;0;0;0;2;0;0;0;0;72.6163695302;0;0;214.22;0;0;0;0;0;0;0;0;0;0;0;0;43.35;0;0;0;0;5.7832449464;11.5204948377;1.9418819269;0;4.7945371841;0;204.14;0;11.2173321818;7.8433365929;2.9505;0;0;0;1;0;0;0;80;0;0;0;-2.29;0;0;0;0;0;0;0;0;0;0;0;0;0;8.8343018741;0;0;0;0;0;0;0;0;0;0;11.5204948377;69.9301765666;0;0;5.7832449464;4.7945371841;0;0;0;3;0;0;441.034803344;92.6841824614;0;1.9100984468;0;0;0;13.6288390582;10.235362076;0;2.8498118619;4.9786519412;48.9438344788;1.9100984468;0;0;5.7832449464;11.5204948377;0;0;1;0;8728.45025105;0;0;0;0;0;0;0;0;0;0;12.1520402137;0;3.099874748;3.099874748;16;0;3;0;2;10.1052754157;0;28.8947245843;0;0;0;0;3;4.8158277641;0;48.5695487012;0;0;0;0;4.7945371841;8.8343018741;0;4.8158277641;0;0;0;0;0;8.4982475633;0;58.907;12.5263259913;C13H10O3;0;0;0;2;0;8.4982475633;0;4;C1=COC(=C1)C=CC(=O)C=CC2=CC=CO2 
ChemSpider;145119;;;;;;;;;2.2;;2.017;;;;95;15;-1.9126;3.65803876;32.4222;17.904379;111;95.28;165.02867436;179;16;62;124.07;0.75;2;1;0;0;0;0;0;11.999;16.0168733787;-0.2990320246;0.3270755677;3.5890911758;8.632008535;9.155621;0;0.9024859166;0;0;0.9024859166;16.9817407162;0;0;0;0;0;0;0;0;0;1;0;0;21.718665901;0;0;165.112;0;0;2;0;0;0;0;0;0;0;0;0;103.86;25.1127960116;5.6897433982;0;5.8178627778;5.6471772208;5.5167007176;2.9780686085;0;9.7016024281;0;162.088;0;8.5520417639;5.8088617503;-0.9197;0;0;0;0;0;0;0;60;0;0;0;-2.05;0;0;0;0;0;0;0;0;0;0;0;0;0;0;5.8178627778;0;0;2;0;0;0;11.1638779384;0;4.907065244;0;16.2987391867;0;5.6897433982;19.9359140838;0;0;0;0;7;2;3;483.789390841;64.8374260994;0;1.3802004316;1;19.9359140838;0;0;6.6472331686;0;0.7970171907;2.2234937746;0;1.3802004316;0;0;11.4650399986;5.5167007176;0;5.6897433982;0;0;931.147588738;0;5.1768819279;4;2;0;0;0;2;0;0;6.3273200748;0;2.0829931088;2.0829931088;12;0;5;0;0;0;0;36.6666666667;0;0;0;0;7;3.0779995464;0;5.1768819279;0;4.907065244;4.983978521;9.778515705;4.983978521;4.983978521;0;3.0779995464;0;0;0;0;1;5.7354876366;0;40.829;6.3273200748;C5H3N5O2;0;0;0;2;0;5.7354876366;0;1;C1=NC2=NC(=O)NC(=C2N1)N=O 
ChemSpider;81758;;;;;;;;;1.4;375.8;1.478;;;;103;24;0.6899;0.47596201;43.0092;26.336723;154;102.87;210.02932479;302;12;56;373.07;0;2;0;1;3;0;0;0;11.999;30.9745700522;-0.3152255237;0.4647184445;2.3336598397;7.3471165623;25.253277;1;0.7261199616;0;0;0.4137494469;13.7920024111;0;0;0;0;0;0;0;0;0;0;0;0;12.1520402137;0;0;210.122;0;0;0;0;0;1;0;0;0;0;0;0;93.06;15.8395457991;13.7920024111;0;0;0;6.6068819645;3.5312469367;0;9.359585469;0;199.034;0;10.4831276631;5.827185822;0.215;0;0;0;1;1;0;0;76;0;0;0;-0.68;0;0;0;0;0;0;0;0;0;0;0;0;7.8226971231;9.7868232055;0;0;0;2;1;0;0;0;0;0;6.9237371997;12.1520402137;0;0;28.9698924225;18.6201955845;1;0;0;7;0;0;241.509031671;75.4010493056;0;0.9244132417;0;0;0;28.40701879;12.32;13.213763929;7.6733568905;5.1367483588;0;1.4433367905;0;0;18.7868684591;0;0;13.7920024111;0;6.9237371997;396.193583685;0;0;0;0;0;1;0;2;0;0;6.9237371997;0;2.2400498178;3.479402609;13;0;4;0;0;14.1432246788;0;30.9956642101;0;0;0;0;6;3.3543003219;5.5731045301;6.9237371997;6.5789356836;0;0;9.359585469;4.5237471617;14.5236861593;0;4.8845970653;0;0;0;0;0;7.0959542919;0;43.7691;6.6068819645;C6H11O6P;0;0;0;0;0;7.9903814829;0;6;CC(=C)C(=O)OCCOP(=O)(O)O 
ChemSpider;10272879;;;;;;;;;1.8;;1.839;;;;442;134;-4.9123;24.13069129;317.3466;158.18765;3377;441.52;1154.26920288;32304;180;486;14053.24;0.7619047619;0;37;11;0;9;3;0;11.996072859;16.018480595;-0.4134116291;0.138495356;4.9360410598;13.6102572454;62.32435;0;12.1705821019;0;0;12.1705821019;0;0;0;0;0;0;0;0;0;0;0;0;0;164.326206573;0;0;1155.036;0;0;0;0;8;0;0;0;0;0;0;0;441.52;0;0;0;0;64.3079938295;93.4100075504;1.135704151;0;102.130547897;0;1104.636;0;59.8050604921;39.9106105072;4.5952;0;4;0;0;4;16;0;434;0;0;0;-10.4;0;0;0;0;0;0;0;0;0;0;0;0;0;18.9474518152;0;114.990236666;0;20;0;0;0;0;0;0;78.9516845472;103.128240164;0;18.9474518152;150.962278999;6.4208216229;0;0;0;24;0;0;4032.11040831;471.525899283;0;15.9957551603;0;0;0;121.077999712;54.2013782003;0;8.4425998123;19.6573874392;0;15.9957551603;114.990236666;0;39.1302207835;0;0;210.064253154;0;73.0062708634;2.41759004202e+19;0;0;0;0;0;0;78.86277189;20;0;0;24.2654682738;0;20.9781392793;20.9781392793;84;0;24;0;0;0;0;235.833333333;0;16;0;0;24;25.6905831386;75.6968174071;70.7847425145;24.2654682738;0;0;0;0;121.077999712;0;25.6905831386;4;0;0;0;4;42.9501793904;16;285.505;23.8576845262;C60H50O24;0;0;0;12;0;42.9501793904;0;7;C1C(C(OC2=C1C(=CC(=C2C3C(C(OC4=C3C(=CC(=C4C5C(C(OC6=C(C(=CC(=C56)O)O)C7C(C(OC8=CC(=CC(=C78)O)O)C9=CC(=C(C=C9)O)O)O)C1=CC(=C(C=C1)O)O)O)O)O)C1=CC(=C(C=C1)O)O)O)O)O)C1=CC(=C(C=C1)O)O)O 
Sigma-Aldrich;120239-63-6;N(*)(*)CCCCN(*)(*);CCCN(*)(*);;0;428;;0.028;107;0.96;;1.502;;soluble;;;62;-4.5852;21.02405904;87.276;61.43172;430;110.56;316.3314456;1355;23;86;3259.06;0;0;0;0;10;6;0;0;11.9933304897;14.0106824453;-0.3640609533;0.0286916622;4.8867920062;9.4977657544;45.04828;0;2.6012163492;0;0;2.6012163492;0;0;0;0;0;0;0;0;0;0;0;0;0;0;0;0;316.538;0;0;0;0;0;0;0;0;0;0;0;0;110.56;9.7998194617;0;0;0;0;0;3.8779568485;0;0;0;276.218;0;16.4684090374;10.7779168675;-0.2342;0;0;0;0;0;0;0;134;0;0;0;-0.24;0;0;0;0;0;0;0;0;0;0;0;4;0;22.9346699086;0;0;0;4;1;0;0;0;0;0;38.5249297376;0;0;22.9346699086;75.2473835208;0;0;0;0;6;0;2;176.812711826;137.092612872;0;3.9125464751;0;9.7998194617;0;0;21.76;65.4475640591;13.4248082999;17.1191992863;0;3.9125464751;0;0;0;0;0;0;0;38.5249297376;62634.245532;0;22.9346699086;0;0;0;0;91.1308505508;4;0;0;12.8416432459;0;5.9593024549;5.9593024549;22;0;6;0;0;0;0;44;0;0;0;0;6;9.030359758;0;103.972493797;0;0;0;0;0;32.7344893703;0;9.030359758;0;0;0;0;0;14.5175367667;0;96.7996;0;C16H40N6;0;0;0;0;0;14.5175367667;0;17;
Sigma-Aldrich;154487-83-9;N(*)(*)CCCCN(*)(*);CCCN(*)(*);;1;922;12;0.28;97;0.99;;1.512;;soluble;;;150;-9.6504;93.13022016;214.4444;149.812128;1814;227.6;772.79423984;15003;63;222;19339.14;0;0;0;0;26;14;0;0;11.9932014048;14.0171929922;-0.3641284839;0.0375143765;4.8923423561;10.1002841767;111.547872;0;7.2741297928;0;0;7.2741297928;0;0;0;0;0;0;0;0;0;0;0;0;0;0;0;0;773.306;0;0;0;0;0;0;0;0;0;0;0;0;227.6;29.3994583851;0;0;0;0;0;5.4157472813;0;0;0;676.538;0;39.7483728626;26.5053234778;-0.0706;0;0;0;0;0;0;0;326;0;0;0;-0.56;0;0;0;0;0;0;0;0;0;0;0;8;0;45.8693398173;0;0;0;8;1;0;0;0;0;0;89.891502721;0;0;45.8693398173;199.563124939;0;0;0;0;14;0;6;582.109627847;334.250121087;0;10.4211428443;0;29.3994583851;0;0;53.44;170.163666554;33.5679892117;42.0567530513;0;10.4211428443;0;0;0;0;0;0;0;89.891502721;278792954851;0;45.8693398173;0;0;0;0;221.530239537;8;0;0;38.5249297376;0;15.3089932641;15.3089932641;54;0;14;0;0;0;0;104;0;0;0;0;14;22.458086112;0;260.055169275;0;0;0;0;0;75.2687982024;0;22.458086112;0;0;0;0;0;35.586354974;0;235.7132;0;C40H96N14;0;0;0;0;0;35.586354974;0;45;
Sigma-Aldrich;154487-85-1;N(*)(*)CCCCN(*)(*);CCCN(*)(*);;2;2.492;;1.1;90;1.01;;1.515;;soluble;;;326;-19.7808;391.28004864;468.7812;326.572944;5694;461.68;1685.71982832;110651;143;494;91819.3;0;0;0;0;58;30;0;0;11.9931422814;14.0338066576;-0.3642100037;0.0860563705;4.8924849173;10.1799289364;244.547056;0;16.6199566801;0;0;16.6199566801;0;0;0;0;0;0;0;0;0;0;0;0;0;0;0;0;1686.842;0;0;0;0;0;0;0;0;0;0;0;0;461.68;68.5987362319;0;0;0;0;0;7.742502902;0;0;0;1477.178;0;86.3083005131;57.9601366985;0.2566;0;0;0;0;0;0;0;710;0;0;0;-1.2;0;0;0;0;0;0;0;0;0;0;0;16;0;91.7386796346;0;0;0;16;1;0;0;0;0;0;192.624648688;0;0;91.7386796346;448.194607775;0;0;0;0;30;0;14;1500.3308109;728.565137515;0;23.4383355828;0;68.5987362319;0;0;116.8;379.595871543;73.939064337;91.9942344045;0;23.4383355828;0;0;0;0;0;0;0;192.624648688;1.16977231005e+29;0;91.7386796346;0;0;0;0;559.378876985;16;0;0;12.8416432459;0;34.0083748823;34.0083748823;118;0;30;0;0;0;0;224;0;0;0;0;30;49.3135388201;0;572.220520231;0;0;0;0;0;160.337415867;0;49.3135388201;0;0;0;0;0;77.7239913884;0;513.5404;0;C88H208N30;0;0;0;0;0;77.7239913884;0;101;
Sigma-Aldrich;163611-05-0;N(*)(*)CCCCN(*)(*);CCCN(*)(*);;4;10.96;;6.7;84;1.01;;1.518;;soluble;;;1382;-80.5632;6490.42919424;1994.802;1387.13784;39566;1866.16;7163.2733592001;3675131;623;2126;1655660.26;0;0;0;0;250;126;0;0;11.9930998776;14.1548673133;-0.3643495629;0.4402188731;4.8923165104;10.27544259;1042.54216;0;72.6949180038;0;0;72.6949180038;0;0;0;0;0;0;0;0;0;0;0;0;0;0;0;0;7168.058;0;0;0;0;0;0;0;0;0;0;0;0;1866.16;303.794403313;0;0;0;0;0;17.8596279264;0;0;0;6281.018;0;365.667866416;246.689016022;2.2198;0;0;0;0;0;0;0;3014;0;0;0;-5.04;0;0;0;0;0;0;0;0;0;0;0;64;0;366.954718538;0;0;0;64;1;0;0;0;0;0;809.023524489;0;0;366.954718538;1939.98350479;0;0;0;0;126;0;62;7853.14736942;3094.45523609;0;101.541492014;0;303.794403313;0;0;496.96;1636.18910148;316.251750383;391.686718446;0;101.541492014;0;0;0;418.864409978;0;0;0;809.023524489;1.04102960809e+185;0;366.954718538;0;0;0;0;2026.34821599;64;0;0;0;0;146.204664592;146.204664592;502;0;126;0;0;0;0;944;0;0;0;0;126;210.446255069;0;2445.21262597;0;0;0;0;0;670.749121851;0;210.446255069;0;0;0;0;0;330.549809875;0;2180.5036;0;C376H880N126;0;0;0;0;0;330.549809875;0;437;
Sigma-Aldrich;155773-72-1;N(*)(*)CCN(*)(*);CCC(O)NCCN(*)(*);;0;;;;;0.854;64.7;1.364;52;;20;;92;-6.9568;48.39706624;136.47;90.268408;920;239.6;524.44860072;4858;41;150;7021.14;0;0;0;0;18;4;0;0;11.9932768245;15.99795723;-0.3789759977;0.1105980555;4.7643394901;10.1046522754;65.179592;0;3.5811276505;0;0;3.5811276505;0;0;0;0;0;0;0;0;0;0;0;0;0;0;0;0;524.756;0;0;0;0;0;0;0;0;0;0;0;0;239.6;31.0669738777;0;0;0;0;24.9116046829;4.9398798663;0;20.4261095794;0;468.308;0;27.0204508012;17.353304268;-5.3824;0;4;0;0;0;0;0;218;0;0;0;-0.56;0;0;0;0;0;0;0;0;0;0;0;4;0;22.9346699086;0;0;0;12;0;0;0;0;0;0;25.6832864917;0;0;44.2018243247;146.764123407;0;0;0;0;14;4;2;396.544771084;216.658649302;0;5.7047116035;0;31.0669738777;0;20.4261095794;35.44;91.6265896828;21.5181864378;24.7583596723;0;5.7047116035;0;0;0;117.309876174;0;24.9116046829;0;50.5948911746;38975976.6568;0;22.9346699086;0;0;0;0;0;12;0;0;0;0;8.8723703345;8.8723703345;36;0;14;0;0;0;0;86.3333333333;0;0;0;0;14;13.2650625796;91.6265896828;25.6832864917;0;0;0;0;21.267154416;53.1605989497;0;13.2650625796;4;0;0;0;0;22.0300057879;0;143.6036;0;C22H56N10O4;0;0;0;0;0;22.0300057879;0;27;
Sigma-Aldrich;142986-44-5;N(*)(*)CCN(*)(*);CCC(O)NCCN(*)(*);;1;;;;;0.82;64.7;1.362;52;;20;;252;-17.9172;321.02605584;373.6728;248.696536;4930;614.72;1453.20830552;77402;121;430;53101.38;0;0;0;0;50;12;0;0;11.9931638412;16.0062663096;-0.3789759977;0.1291151849;4.7620583391;10.1936990638;180.687464;0;10.735018615;0;0;10.735018615;0;0;0;0;0;0;0;0;0;0;0;0;0;0;0;0;1454.068;0;0;0;0;0;0;0;0;0;0;0;0;614.72;93.2009216332;0;0;0;0;74.7348140488;6.7655907901;0;61.2783287381;0;1300.852;0;74.232925279;48.2314856793;-13.9548;0;12;0;0;0;0;0;602;0;0;0;-1.52;0;0;0;0;0;0;0;0;0;0;0;8;0;45.8693398173;0;0;0;32;0;0;0;0;0;0;77.0498594751;0;0;109.670803065;414.113344597;0;0;0;0;38;12;6;1421.04605592;598.407998833;0;16.7839981369;0;93.2009216332;0;61.2783287381;98.48;248.700743425;61.6129052386;69.2358245323;0;16.7839981369;0;0;0;325.7506029;0;74.7348140488;0;151.784673524;6.56077832879e+21;0;45.8693398173;0;0;0;0;0;32;0;0;0;0;25.462410465;25.462410465;100;0;38;0;0;0;0;237;0;0;0;0;38;37.1621945768;248.700743425;77.0498594751;0;0;0;0;63.8014632481;136.54712694;0;37.1621945768;12;0;0;0;0;60.9521891621;0;394.5932;0;C62H152N26O12;0;0;0;0;0;60.9521891621;0;79;
Sigma-Aldrich;93376-66-0;N(*)(*)CCN(*)(*);CCC(O)NCCN(*)(*);;2;;;;;0.86;64.7;1.362;;;20;;572;-39.838;1587.066244;848.0784;565.552792;16940;1364.96;3310.72771512;650266;281;990;274285.86;0;0;0;0;114;28;0;0;11.9931217171;16.0238290497;-0.3789759977;0.2073916849;4.761888286;10.1952801121;411.703208;0;25.042800544;0;0;25.042800544;0;0;0;0;0;0;0;0;0;0;0;0;0;0;0;0;3312.692;0;0;0;0;0;0;0;0;0;0;0;0;1364.96;217.468817144;0;0;0;0;174.381232781;9.5455694376;0;142.982767056;0;2965.94;0;168.657874234;109.987848502;-31.0996;0;28;0;0;0;0;0;1370;0;0;0;-3.44;0;0;0;0;0;0;0;0;0;0;0;16;0;91.7386796346;0;0;0;72;0;0;0;0;0;0;179.783005442;0;0;240.608760547;948.811786977;0;0;0;0;86;28;14;3719.68980281;1361.9066979;0;38.9425712036;0;217.468817144;0;142.982767056;224.56;562.849050908;141.813007676;158.212197385;0;38.9425712036;0;0;142.497423534;600.134632816;0;174.381232781;0;354.164238223;1.23662554848e+73;0;91.7386796346;0;0;0;0;0;72;0;0;0;0;58.642490726;58.642490726;228;0;86;0;0;0;0;538.333333333;0;0;0;0;86;84.9564585713;562.849050908;179.783005442;0;0;0;0;148.870080912;303.320182922;0;84.9564585713;28;0;0;0;0;138.796555911;0;896.5724;0;C142H344N58O28;0;0;0;0;0;138.796555911;0;183;
Chemical Book;153891-46-4 ;N(*)(*)CCN(*)(*);CCC(O)NCCN(*)(*);;2.5;;;;;0.947;65;1.367;52;;5;;892;-61.7588;3814.14937744;1322.484;882.409048;32881;2115.2;5168.24712472;1992922;441;1550;667502.34;0;0;0;0;178;44;0;0;11.9931091975;16.0427508774;-0.3789759977;0.3127760064;4.7618155655;10.1955199244;642.718952;0;24.7422627696;0;0;24.7422627696;0;0;0;0;0;0;0;0;0;0;0;0;0;0;0;0;3280.436;0;0;0;0;0;0;0;0;0;0;0;0;1000.48;309.207496779;1011.31250634;0;0;0;24.9116046829;10.1394261721;0;142.982767056;0;2965.94;0;193.895478541;123.681321264;-26.7492;0;28;0;0;0;0;0;1338;0;0;0;-3.44;0;0;0;0;0;0;0;0;3.9903685339;0;0;0;0;0;0;0;0;56;0;0;0;0;0;0;179.783005442;0;0;148.870080912;1040.55046661;0;0;0;0;118;28;30;4560.17213773;1361.9066979;0;38.4220245088;0;309.207496779;0;142.982767056;256.56;562.849050908;170.78981674;169.514326169;0;38.4220245088;0;0;51.8623121154;481.337539246;0;174.381232781;0;354.164238223;5.86999547544e+86;0;0;0;0;0;0;209.432204989;56;0;0;0;0;57.6013973365;57.6013973365;260;0;86;0;0;0;0;534.342964799;0;0;0;0;86;83.4841301802;143.98464093;77.0498594751;0;0;0;0;21.267154416;90.6777871232;0;83.4841301802;28;0;0;0;0;136.714369132;0;858.998;0;C142H312*32N58O28;0;0;0;0;0;136.714369132;0;199;
Sigma-Aldrich;163442-67-9;N(*)(*)CCN(*)(*);CCC(O)NCCN(*)(*);;4;;;;;0.813;64.7;1.348;;;10;;2492;-171.3628;29365.20922384;3694.512;2466.690328;126464;5866.4;14455.8441727202;23712922;1241;4350;5214064.74;0;0;0;0;498;124;0;0;11.9930944656;16.1626503868;-0.3789759977;0.9159954577;4.7616983322;10.1980111204;1797.797672;0;110.889492118;0;0;110.889492118;0;0;0;0;0;0;0;0;0;0;0;0;0;0;0;0;14464.436;0;0;0;0;0;0;0;0;0;0;0;0;5866.4;659.281786897;0;0;0;0;772.259745171;21.5780450303;0;612.783287381;20.4261095794;12956.468;0;735.207567967;480.526025437;-133.9684;0;124;0;0;0;0;0;5978;0;0;0;-14.96;0;0;0;0;0;0;0;0;0;0;0;64;0;366.954718538;0;0;0;312;0;0;0;0;0;0;796.181881243;0;0;1026.23650544;4157.00244126;0;0;0;0;374;124;62;19356.5439921;5942.89889227;0;171.894009604;0;963.07619021;0;633.20939696;981.04;2447.73889581;623.023446505;692.09067913;0;171.894009604;0;0;3218.23749056;0;0;797.943031663;0;1568.44162641;nan;0;366.954718538;0;0;303.794403313;0;0;312;0;0;0;0;257.722972292;257.722972292;996;0;374;0;0;0;0;2346.33333333;0;0;0;0;374;371.722042538;2447.73889581;796.181881243;0;0;0;0;659.281786897;1303.95851881;0;371.722042538;124;0;0;0;0;605.862756402;0;3908.4476;0;C622H1496N250O124;0;0;0;0;0;605.862756402;0;807;
Sigma-Aldrich;163442-68-0;N(*)(*)CCN(*)(*);CCC(O)NCCN(*)(*);;5;;;;;0.797;;;;;5;;5052;-346.7292;120221.13813264;7489.7568;5001.5403760002;311402;11868.32;29315.9994495207;123382426;2521;8830;21434228.58;0;0;0;0;1010;252;0;0;11.9930902309;16.4835587702;-0.3789759977;1.9264668842;4.7616553031;10.4107092714;3645.9236239998;0;225.35174755;0;0;225.35174755;0;0;0;0;0;0;0;0;0;0;0;0;0;0;0;0;29333.428;0;0;0;0;0;0;0;0;0;0;0;0;11868.32;1339.83072821;0;0;0;0;1569.43109503;34.3849226924;0;1143.86213644;142.982767056;26277.172;0;1490.60715961;974.576928017;-271.1268;0;252;0;0;0;0;0;12122;0;0;0;-30.32;0;0;0;0;0;0;0;0;0;0;0;128;0;733.909437077;0;0;0;632;0;0;0;0;0;0;1618.04704898;0;0;2073.74016529;8434.58998029;0;0;0;0;758;252;126;41666.1833869;12050.8884848;0;349.162594137;0;1957.2193543;0;1286.8449035;1989.68;4960.92535568;1264.6386206;1403.93126372;68.5987362319;349.162594137;0;0;5941.0564508;0;0;2207.34704888;0;3187.478144;nan;0;733.909437077;0;0;548.789889855;0;0;632;0;0;0;0;523.16361438;523.16361438;2020;0;758;0;0;0;0;4757;0;0;0;0;758;754.076154494;4960.92535568;1618.04704898;0;0;0;0;1339.83072821;2638.14296666;0;754.076154494;252;0;0;0;0;1228.61769039;0;7924.2812;0;C1262H3032N506O252;0;0;0;0;0;1228.61769039;0;1639;
Sigma-Aldrich;MFCD00192447;N(*)(*)CCN(*)(*);CCC(O)NCCN(*)(*);CCC(=O)[O-];0.5;;;;;0.86;65;1.368;;;20;;156;-10.874;118.243876;244.7968;161.34344;3064;469.52;1092.5550356;37434;89;334;18325.3;0;8;0;0;26;12;0;0;11.9960856546;16.0144847573;-0.3789759963;0.3774372221;3.745730691;10.1846866699;117.30456;8;7.4752973329;0;0;7.4752973329;47.7544423036;0;0;0;0;0;8;0;0;0;0;8;0;0;0;0;1093.196;0;0;0;0;0;0;0;0;0;0;0;0;469.52;21.267154416;0;0;0;0;24.9116046829;6.1610924435;0;99.6346262107;0;1012.556;0;57.2623625305;35.9274472596;-14.8892;0;4;0;8;0;0;0;442;0;0;0;-4.8;0;0;0;0;0;0;0;0;0;0;0;0;0;0;0;0;8;8;0;0;0;0;0;0;77.0498594751;0;0;62.1193735748;266.476255881;38.3562974726;0;0;0;30;4;6;1360.15238907;442.743078758;0;11.8967284749;0;50.6666128011;0;99.6346262107;71.2;143.98464093;45.3994572362;44.2095741099;19.5996389234;11.8967284749;0;0;207.944987593;13.0895128118;0;72.6660469866;0;101.961464158;2.17316894774e+15;0;0;0;0;9.7998194617;0;0;8;0;0;0;0;18.0603006855;18.0603006855;76;0;30;0;0;0;0;227.666666667;0;0;0;0;30;25.5212160584;191.739083234;77.0498594751;0;0;0;0;21.267154416;129.034084596;0;25.5212160584;4;0;0;0;0;43.3551402395;0;250.138;0;C46H80N10O20-8;0;0;0;0;0;43.3551402395;0;55;
Sigma-Aldrich;202009-64-1;N(*)(*)CCN(*)(*);CCC(O)NCCN(*)(*);CCC(=O)[O-];1.5;;;;;0.86;65;1.365;;;20;;380;-25.7516;663.14490256;590.3264;390.8466;11690;1074.56;2589.42117528;357210;217;798;111421.7;0;16;0;0;66;28;0;0;11.9960530541;16.039879058;-0.3789759963;0.3855230036;3.7455949216;10.1950374143;284.9374;16;18.5233579797;0;0;18.5233579797;95.5088846072;0;0;0;0;0;16;0;0;0;0;16;0;0;0;0;2590.948;0;0;0;0;0;0;0;0;0;0;0;0;1074.56;63.8014632481;0;0;0;0;74.7348140488;8.58217356;0;219.695362001;0;2389.348;0;134.716748737;85.3797716624;-32.9684;0;12;0;16;0;0;0;1050;0;0;0;-10;0;0;0;0;0;0;0;0;0;0;0;0;0;0;0;0;16;24;0;0;0;0;0;0;179.783005442;0;0;145.505901566;653.537609545;76.7125949451;0;0;0;70;12;14;3599.58137105;1050.57685775;0;29.1680318796;0;132.40019948;0;219.695362001;170;353.416845919;109.345655675;108.16;0;29.1680318796;0;0;430.466705394;0;0;272.976844623;0;254.517819491;1.42676168586e+53;0;0;0;0;29.3994583851;0;0;24;0;0;39.1992778468;0;43.8382711671;43.8382711671;180;0;70;0;0;0;0;519.666666667;0;0;0;0;70;61.6745015344;448.925730527;179.783005442;0;0;0;0;63.8014632481;288.294098233;0;61.6745015344;12;0;0;0;0;103.602458065;0;607.662;0;C110H200N26O44-16;0;0;0;0;0;103.602458065;0;135;
Sigma-Aldrich;202009-65-2;N(*)(*)CCN(*)(*);CCC(O)NCCN(*)(*);CCC(=O)[O-];2.5;;;;;0.86;65;1.366;;;10;;828;-55.5068;3081.00484624;1281.3856;849.85292;35172;2284.64;5583.15345464;2450266;473;1726;533774.5;0;32;0;0;146;60;0;0;11.9960398361;16.0946452776;-0.3789759963;0.458602035;3.7455938566;10.195520889;620.20308;32;40.6194792734;0;0;40.6194792734;191.017769214;0;0;0;0;0;32;0;0;0;0;32;0;0;0;0;5586.452;0;0;0;0;0;0;0;0;0;0;0;0;2284.64;148.870080912;0;0;0;0;174.381232781;12.4679914884;0;459.816833581;0;5142.932;0;289.625521151;184.284420468;-69.1268;0;28;0;32;0;0;0;2266;0;0;0;-20.4;0;0;0;0;0;0;0;0;0;0;0;0;0;0;0;0;32;56;0;0;0;0;0;0;385.249297376;0;0;312.278957547;1427.66031687;153.42518989;0;0;0;150;28;30;8464.7617667;2266.24441572;0;63.710638689;0;295.867372838;0;459.816833581;367.6;772.281255898;237.252291889;236.068153988;68.5987362319;63.710638689;0;0;952.06426134;0;0;570.865293929;0;559.630530156;2.33982218542e+139;0;0;0;0;0;0;0;56;0;0;78.3985556936;0;95.3942121302;95.3942121302;388;0;150;0;0;0;0;1103.66666667;0;0;0;0;150;133.981072487;963.299025112;385.249297376;0;0;0;0;148.870080912;606.814125506;0;133.981072487;28;0;0;0;0;224.097093717;0;1322.71;0;C238H440N58O92-32;0;0;0;0;0;224.097093717;0;295;
Sigma-Aldrich;192948-77-9;N(*)(*)CCN(*)(*);CCC(O)NCCN(*)(*);CCC(=O)[O-];3.5;;;;;0.81;65;1.346;;;10;;1724;-115.0172;13228.95629584;2663.504;1767.86556;94190;4704.8;11570.6180133601;14281626;985;3582;2323120.1;0;64;0;0;306;124;0;0;11.9960338308;16.2210428801;-0.3789759963;0.7903484418;3.7455938483;10.1965732816;1290.73444;64;84.8117218608;0;0;84.8117218608;382.035538429;0;0;0;0;0;64;0;0;0;0;64;0;0;0;0;11577.46;0;0;0;0;0;0;0;0;0;0;0;0;4704.8;319.00731624;0;0;0;0;373.674070244;18.9071240543;0;940.059776741;0;10650.1;0;599.443065979;382.093718079;-141.4436;0;60;0;64;0;0;0;4698;0;0;0;-41.2;0;0;0;0;0;0;0;0;0;0;0;0;0;0;0;0;64;120;0;0;0;0;0;0;796.181881243;0;0;645.82506951;2975.90573153;306.850379781;0;0;0;310;60;62;18879.9273884;4697.57953167;0;132.795852308;0;622.801719553;0;940.059776741;762.8;1610.01007585;493.070632294;491.887150474;146.997291926;132.795852308;0;0;1721.86682158;0;0;1440.03474419;0;1169.85595149;nan;0;0;0;0;0;0;0;120;0;0;156.797111387;0;198.506094056;198.506094056;804;0;310;0;0;0;0;2271.66666667;0;0;0;0;310;278.594214391;1992.04561428;796.181881243;0;0;0;0;319.00731624;1243.85418005;0;278.594214391;60;0;0;0;0;465.086365021;0;2752.806;0;C494H920N122O188-64;0;0;0;0;0;465.086365021;0;615;
Sigma-Aldrich;202009-66-3;N(*)(*)CCN(*)(*);CCC(O)NCCN(*)(*);CCC(=O)[O-];4.5;;;;;0.791;65;1.337;;;5;;3516;-234.038;54773.785444;5427.7408;3603.8908400001;235928;9545.1199999999;23545.5471308004;75821978;2009;7294;9680371.3;0;128;0;0;626;252;0;0;11.996030963;16.5519925987;-0.3789759963;1.5914912641;3.7455938482;10.2112956163;2631.7971599999;128;173.196207036;0;0;173.196207036;764.071076858;0;0;0;0;0;128;0;0;0;0;128;0;0;0;0;23559.476;0;0;0;0;0;0;0;0;0;0;0;0;9545.12;659.281786897;0;0;0;0;772.259745171;29.8083894607;0;1839.26733432;61.2783287381;21664.436;0;1219.07815564;777.712313302;-286.0772;0;124;0;128;0;0;0;9562;0;0;0;-82.8;0;0;0;0;0;0;0;0;0;0;0;0;0;0;0;0;128;248;0;0;0;0;0;0;1618.04704898;0;0;1312.91729344;6072.39656084;613.700759561;0;0;0;630;124;126;41000.5806541;9560.24976357;0;270.966279546;0;1276.67041298;0;1900.54566306;1553.2;3285.46771577;1004.70948934;1003.52631377;156.797111387;270.966279546;0;0;1466.02543492;0;0;4973.82015185;0;2390.30679415;nan;0;0;0;0;0;0;0;248;0;0;460.5915147;0;404.729857909;404.729857909;1636;0;630;0;0;0;0;4607.66666667;0;0;0;0;630;567.820498199;4049.53879263;1618.04704898;0;0;0;0;659.281786897;2517.93428915;0;567.820498199;124;0;0;0;0;947.064907628;0;5612.998;0;C1006H1880N250O380-128;0;0;0;0;0;947.064907628;0;1255;
Sigma-Aldrich;MFCD00197936_1;N(*)(*)CCN(*)(*);NCC(O)(*)(*);;3;;;;;0.86;65;1.364;;;20;;552;-29.622;877.462884;883.5744;536.412244;11996;1942.08;3602.29557752;523138;357;1142;244310.22;0;0;0;0;122;0;0;0;11.9960506534;16.0578708275;-0.4205553548;0.2631530661;4.0854088136;11.3563867493;374.987756;0;21.7028839681;0;0;21.7028839681;0;0;0;0;0;0;0;0;0;0;0;0;0;0;0;0;3604.18;4;0;0;0;0;0;0;0;0;0;0;0;1942.08;319.443327413;0;0;0;163.769770555;0;14.5405838219;0;306.39164369;0;3293.716;0;184.049144841;115.275391551;-65.5292;0;60;0;0;0;0;0;1466;0;0;0;-4.88;0;0;0;0;0;0;0;0;0;0;0;0;0;0;0;0;0;120;0;0;0;0;0;0;0;0;0;319.443327413;1097.59236491;0;0;0;0;122;60;2;4476.53046323;1410.94321444;0;34.8661898536;0;329.679158047;0;306.39164369;239.12;617.195120031;106.623356266;128.23440651;0;34.8661898536;0;0;0;10.2358306341;0;780.964890586;0;163.769770555;2.43439097405e+85;0;0;0;0;0;0;0;120;0;0;0;0;56.0280653881;56.0280653881;244;0;122;0;0;0;0;690;0;0;0;0;122;79.5198599448;222.521717801;0;0;0;10.2358306341;21.7031655884;297.740161824;306.39164369;0;79.5198599448;32;0;0;0;0;138.195280353;0;858.914;394.67340223;C122H308N62O60;0;0;0;0;0;138.195280353;0;183;
Sigma-Aldrich;MFCD00197936_2;N(*)(*)CCN(*)(*);NCC(O)(*)(*);;4;;;;;0.947;65;1.359;;;10;;1128;-59.6124;3553.63823376;1806.0864;1096.794004;30350;4006.72;7380.6708620001;2845698;741;2358;1020631.5;0;0;0;0;250;0;0;0;11.9960392779;16.1348333571;-0.4206263935;0.4583700446;4.0854299828;11.4553258595;767.053996;0;44.8814826721;0;0;44.8814826721;0;0;0;0;0;0;0;0;0;0;0;0;0;0;0;0;7384.532;4;0;0;0;0;0;0;0;0;0;0;0;4006.72;659.717798069;0;0;0;350.935222617;0;22.8823170502;0;490.226629905;142.982767056;6751.508;0;377.186229831;235.843934046;-135.366;0;124;0;0;0;0;0;3002;0;0;0;-10;0;0;0;0;0;0;0;0;0;0;0;0;0;0;0;0;0;248;0;0;0;0;0;0;0;0;0;659.717798069;2241.86020309;0;0;0;0;250;124;2;10094.7601315;2887.67794497;0;72.1755006257;0;669.953628703;0;633.20939696;490;1247.47975287;216.592288734;259.41727779;0;72.1755006257;0;0;10.2358306341;0;0;1598.41497549;0;350.935222617;8.67071332937e+197;0;0;0;0;0;0;0;248;0;0;0;0;115.682815948;115.682815948;500;0;250;0;0;0;0;1418;0;0;0;0;250;162.735691482;431.95392279;0;0;0;10.2358306341;21.7031655884;638.014632481;633.20939696;0;162.735691482;64;0;0;0;0;282.699201458;0;1756.226;815.525830084;C250H628N126O124;0;0;0;0;0;282.699201458;0;375;
Sigma-Aldrich;MFCD00197936_3;N(*)(*)CCN(*)(*);NCC(O)(*)(*);;5;;;;;0.786;;1.3374;;;5;;2280;-119.5932;14302.53348624;3651.1104;2217.557524;73280;8135.9999999999;14937.4214309601;14467330;1509;4790;4170714.06;0;0;0;0;506;0;0;0;11.996033695;16.3198655185;-0.4206703109;0.9316277179;4.0854021927;11.5331717773;1551.186476;0;91.2386800801;0;0;91.2386800801;0;0;0;0;0;0;0;0;0;0;0;0;0;0;0;0;14945.236;4;0;0;0;0;0;0;0;0;0;0;0;8136;1340.26673938;0;0;0;725.266126743;0;37.0993731791;0;980.453259809;306.39164369;13667.092;0;763.460399811;476.981019035;-275.0396;0;252;0;0;0;0;0;6074;0;0;0;-20.24;0;0;0;0;0;0;0;0;0;0;0;0;0;0;0;0;0;504;0;0;0;0;0;0;0;0;0;1340.26673938;4530.39587944;0;0;0;0;506;252;2;22085.0452317;5841.14740604;0;146.79412217;0;1350.50257002;0;1286.8449035;991.76;2508.04901856;436.578448043;521.858023205;0;146.79412217;0;0;0;0;0;3243.55097594;0;725.266126743;nan;0;0;0;0;0;0;0;504;0;0;0;0;234.992317067;234.992317067;1012;0;506;0;0;0;0;2874;0;0;0;0;506;329.167354557;850.818332769;0;0;0;10.2358306341;21.7031655884;1318.56357379;1286.8449035;0;329.167354557;128;0;0;0;0;571.70704367;0;3550.85;1657.23068579;C506H1268N254O252;0;0;0;0;0;571.70704367;0;759;
