DataBase;ID;volume;pH;viscosity;transition_temp;density;boiling_point;refractive_index;freezing_point;solubility;solution;PSA;fr_C_O_noCOO;Chi4v;fr_Ar_COO;fr_SH;Chi4n;SMR_VSA10;fr_para_hydroxylation;fr_barbitur;fr_halogen;fr_dihydropyridine;fr_priamide;fr_Al_COO;fr_guanido;fr_furan;fr_morpholine;fr_nitroso;fr_COO2;fr_amidine;SMR_VSA7;fr_benzodiazepine;fr_Imine;MolWt;fr_hdrzine;fr_urea;fr_Ar_NH;fr_quatN;fr_benzene;fr_phos_acid;fr_sulfone;VSA_EState10;fr_aniline;fr_N_O;fr_sulfonamd;fr_thiazole;TPSA;EState_VSA8;PEOE_VSA14;PEOE_VSA13;PEOE_VSA12;PEOE_VSA11;PEOE_VSA10;BalabanJ;fr_lactone;EState_VSA10;EState_VSA11;HeavyAtomMolWt;fr_nitro_arom;Chi0;Chi1;MolLogP;fr_nitro;fr_Al_OH;fr_azo;fr_C_O;fr_ether;fr_phenol_noOrthoHbond;fr_alkyl_halide;NumValenceElectrons;fr_aryl_methyl;fr_Ndealkylation2;fr_term_acetylene;HallKierAlpha;fr_C_S;fr_thiocyan;fr_ketone_Topliss;VSA_EState4;VSA_EState5;VSA_EState6;VSA_EState7;VSA_EState1;VSA_EState2;VSA_EState3;fr_HOCCN;fr_NH2;SlogP_VSA12;EState_VSA9;SlogP_VSA10;SlogP_VSA11;fr_COO;NHOHCount;fr_unbrch_alkane;fr_methoxy;fr_thiophene;SlogP_VSA8;SlogP_VSA9;SlogP_VSA4;SlogP_VSA5;SlogP_VSA6;SlogP_VSA7;SlogP_VSA1;SlogP_VSA2;SlogP_VSA3;fr_phos_ester;fr_piperzine;fr_nitrile;NumHeteroatoms;fr_NH1;fr_NH0;BertzCT;LabuteASA;fr_amide;Chi3n;fr_imidazole;SMR_VSA3;SMR_VSA2;SMR_VSA1;Kappa1;SMR_VSA6;Kappa3;Kappa2;EState_VSA6;Chi3v;SMR_VSA9;SMR_VSA8;EState_VSA2;EState_VSA3;fr_Ndealkylation1;EState_VSA1;fr_ketone;SMR_VSA5;Ipc;fr_diazo;SMR_VSA4;fr_Ar_N;fr_Nhpyrrole;EState_VSA7;fr_ester;EState_VSA4;NumHDonors;fr_prisulfonamd;fr_oxime;EState_VSA5;fr_isocyan;Chi2n;Chi2v;HeavyAtomCount;fr_azide;NumHAcceptors;fr_lactam;fr_allylic_oxid;VSA_EState8;fr_oxazole;VSA_EState9;fr_piperdine;fr_Ar_OH;fr_sulfide;fr_alkyl_carbamate;NOCount;Chi1n;PEOE_VSA8;PEOE_VSA7;PEOE_VSA6;PEOE_VSA5;PEOE_VSA4;PEOE_VSA3;PEOE_VSA2;PEOE_VSA1;fr_imide;Chi1v;fr_Al_OH_noTert;fr_epoxide;fr_hdrzone;fr_isothiocyan;fr_bicyclic;Chi0n;fr_phenol;MolMR;PEOE_VSA9;MolecularFormula;fr_aldehyde;fr_pyridine;fr_tetrazole;RingCount;fr_nitro_arom_nonortho;Chi0v;fr_ArN;NumRotatableBonds;SMILES
ChemSpider;12933;;;;;;217;1.421;;;;;0;3.9594431489;0;0;1.319814383;8.804435157;0;0;0;0;0;0;0;0;0;0;0;0;0;0;0;221.373;0;0;0;0;0;0;0;0;0;0;0;0;53.71;0;87.4176490109;0;0;0;0;4.2106704434;0;0;0;198.189;0;10.8639610307;6.7426406871;1.3836;0;0;0;0;0;0;0;86;0;0;0;0.0568831169;0;0;0;0;0;0;0;0;0;0;0;1;0;19.0116825555;0;0;0;1;0;0;0;0;0;0;27.192033222;0;6.0440957769;5.7336674772;35.1698374565;13.2780150784;0;0;0;5;0;0;118.205924253;88.0902871606;0;1.7798393687;0;0;0;13.2780150784;14.0568831169;26.3654022995;5.0664194372;8.3721974023;0;4.9312698157;0;0;0;26.3654022995;0;8.804435157;0;33.2361289989;1050.01730927;0;5.7336674772;0;0;20.7712115991;0;12.4649173998;1;0;0;0;0;2.8742793328;5.6063301403;14;0;4;0;0;16.9541666667;0;13.2402777778;0;0;0;0;4;5.3615198641;0;0;0;0;0;0;0;0;0;7.2933715167;0;0;0;0;0;9.5447358277;0;59.1104;0;C9H23NO3Si;0;0;0;0;0;10.5447358277;0;9;CCO[Si](CCCN)(OCC)OCC
ChemSpider;8101273;;;;;;;1.4501;;;;;0;3.5811337072;0;0;1.8589718743;8.804435157;0;0;0;0;0;0;0;0;0;0;0;0;0;0;0;278.469;0;0;0;0;0;0;0;0;0;0;0;0;65.74;5.316788604;112.24477205;0;0;0;0;3.3838518686;0;0;0;248.229;0;13.6923881554;8.7426406871;1.3633;0;0;0;0;0;0;0;110;0;0;0;0.0168831169;0;0;0;0;0;0;0;0;0;0;0;1;0;19.0116825555;0;0;0;2;7;0;0;0;0;0;32.1041081146;0;6.0440957769;11.0504560812;49.7680969986;13.2780150784;0;0;0;6;1;0;172.44079552;112.734975687;0;3.0772065415;0;5.316788604;0;13.2780150784;18.0168831169;40.9636618416;8.1771316406;12.0713920249;21.3293926238;5.9091577715;0;0;0;0;0;8.804435157;0;38.1482038915;8690.12610572;0;5.7336674772;0;0;0;0;38.5200082405;2;0;0;19.2624648688;0;4.3518272252;7.4425975003;18;0;5;0;0;16.0893174242;0;21.1051270202;0;0;0;0;5;6.8060257693;0;0;0;0;0;0;0;0;0;8.7378774219;0;0;0;0;0;12.1660561713;0;76.5971;0;C12H30N2O3Si;0;0;0;0;0;13.1660561713;0;13;CO[Si](CCCNCCCCCCN)(OC)OC
ChemSpider;4880347;;;;;1.7;;1.84;;;;178;0;10.8088183836;0;0;8.2869363329;51.9918515596;0;0;0;0;0;0;0;0;0;0;0;0;211.273494233;0;0;880.912;0;0;0;0;8;0;2;-7.9050534926;0;0;0;0;164.88;0;0;22.2370675802;19.6745062728;0;22.9980473331;1.066585911;0;36.0137427049;0;852.688;0;44.0696098961;30.8613802433;10.4362;0;0;0;0;2;0;0;310;0;0;0;-8.2;0;0;0;0;0;0;0;0;0;0;0;0;19.6745062728;9.4737259076;0;22.9980473331;0;0;0;0;0;54.8190208195;0;0;0;208.618360555;0;31.7107934878;9.1341992956;16.8355939687;0;0;0;14;0;2;3678.73117722;361.775370236;0;11.4483537042;0;9.1341992956;0;26.3093198763;38.7029018579;0;6.0233225867;14.170128037;60.6636706846;15.0194255716;45.4997228659;0;86.2720990714;11.1269029834;0;41.911573853;0;19.5819339021;3.6635815948e+14;0;0;2;0;0;0;9.1341992956;0;0;0;109.194607232;0;15.1600703558;19.0594355897;64;0;12;0;0;56.655138622;0;112.749914871;0;0;0;0;12;19.7073676313;44.4500794237;132.454244353;36.3982024108;0;0;25.9697932642;19.1781487363;9.4737259076;0;22.6736941265;0;0;0;0;1;32.9592142139;0;240.968;30.9567064514;C50H28N2O10S2;0;2;0;27;0;34.5922073757;0;0;C1=CC2=CC(=C1)OC3=CC=C(C=C3)S(=O)(=O)C4=CC=C(C=C4)C5=CC=C(C=C5)S(=O)(=O)C6=CC=C(C=C6)OC7=CC=CC(=C7)N8C(=O)C9=C1C(=CC=C3C1=C(C=C9)C(=O)N2C3=O)C8=O 
ChemSpider;92802;;;;;;54;1.3;;;;;1;0.6151493844;0;0;0.6151493844;6.0370142957;0;0;12;0;0;0;0;0;0;0;0;0;0;0;0;332.04;0;0;0;0;0;0;0;0;0;0;0;0;26.3;0;36.2755501687;0;0;0;0;5.7339568044;0;57.4795177562;0;332.04;0;16.7844570504;8.4004824542;3.5176;0;0;0;1;1;0;11;120;0;0;0;-1.21;0;0;0;0;0;0;0;0;0;0;0;0;0;0;52.6849805721;0;0;0;0;0;0;0;0;0;0;0;0;0;36.2755501687;9.5314001379;0;0;0;14;0;0;380.389235933;99.8254537645;0;1.6077902553;0;0;0;62.21638071;18.79;0;2.9313061038;4.6643862563;0;1.6077902553;0;0;0;0;0;36.2755501687;0;30.238535873;4770.49346542;0;0;0;0;0;0;0;0;0;0;4.7368629538;0;3.0577124082;3.0577124082;20;0;2;0;0;143.013829365;0;-28.5971626984;0;0;0;0;2;3.8801592738;0;0;0;0;52.6849805721;0;9.5314001379;0;0;3.8801592738;0;0;0;0;0;8.352070257;0;33.043;0;C6F12O2;0;0;0;0;0;8.352070257;0;6;C(=O)(C(C(F)(F)F)(OC(C(C(F)(F)F)(F)F)(F)F)F)F 
ChemSpider;24603649;;;;;1.6;;1.693;;;;253;0;13.9932411327;0;0;11.471359082;62.7642999886;0;0;6;0;0;0;0;0;0;0;0;0;312.346550081;0;0;1335.194;0;0;0;0;10;0;2;-8.2151463499;0;0;0;0;243.02;0;12.3525970349;44.4741351604;19.6745062728;0;22.9980473331;0.6269798874;0;81.5343817273;0;1298.906;0;67.6546673759;45.6471110748;12.9946;0;0;0;0;2;0;6;474;0;0;0;-12.16;0;0;0;0;0;0;0;0;0;0;0;0;19.6745062728;9.4737259076;26.342490286;22.9980473331;0;0;0;0;0;76.9662417978;0;0;11.1269029834;276.327445839;0;53.947861068;30.6209956261;16.8355939687;0;0;0;26;0;4;5780.69468216;531.841597401;0;16.2004083227;0;18.2683985912;0;52.6518101623;61.3510342673;0;10.302871577;22.2708702198;24.2654682738;19.77148019;56.8744954153;0;108.41932005;32.3938364159;0;87.6281414515;0;31.934530937;1.3059218815e+25;0;0;4;0;0;0;69.7978699802;0;0;0;121.327341369;0;21.9630599817;25.8624252157;96;0;18;0;0;138.811379576;0;146.070433441;0;0;0;0;18;28.3801666995;12.1327341369;168.852446763;48.5309365477;0;26.342490286;35.1039925598;38.3562974726;9.4737259076;0;31.3464931947;0;0;0;0;4;48.3732235583;0;341.336;96.5481756999;C70H36F6N4O14S2;0;0;0;14;0;50.0062167202;0;15;C1=CC(=CC(=C1)N2C(=O)C3=CC4=C(C=C3C2=O)C(=O)N(C4=O)C5=CC(=CC=C5)OC6=CC=C(C=C6)S(=O)(=O)C7=CC=C(C=C7)C8=CC=C(C=C8)S(=O)(=O)C9=CC=C(C=C9)OC1=CC=CC(=C1)N1C(=O)C2=C(C1=O)C=C1C(=C2)C(=O)N(C1=O)C1=CC=CC(=C1)C(F)(F)F)C(F)(F)F 
ChemSpider;24603647;;;;;1.6;;1.731;;;;431;0;26.6039627497;0;0;21.5601986482;136.301048406;0;0;6;0;0;0;0;0;0;0;0;0;547.885512588;0;0;2316.226;0;0;0;0;20;0;4;-16.6212403385;0;0;0;0;407.9;0;12.3525970349;66.7112027406;39.3490125457;0;45.9960946663;0.3723519519;0;117.548124432;0;2247.682;0;116.862105474;80.5084913181;25.7372;0;0;0;0;4;0;6;820;0;0;0;-21.4;0;0;0;0;0;0;0;0;0;0;0;0;39.3490125457;18.9474518152;26.342490286;45.9960946663;0;0;0;0;0;153.330159475;0;0;11.1269029834;509.211274668;0;85.6586545558;39.7551949216;33.6711879373;0;0;0;40;0;6;11495.1984874;937.61181894;0;29.6547450911;0;27.4025978867;0;78.9611300386;105.541230487;0;17.5153461879;39.2225419993;60.6636706846;36.7968888257;102.374218281;0;216.236315979;43.5207393993;0;129.539715305;0;51.516464839;3.62443762257e+59;0;0;6;0;0;0;42.533866865;0;0;0;315.45108756;0;39.3791134017;47.1778438695;168;0;30;0;0;200.019678857;0;269.434894814;0;0;0;0;30;50.9208676641;121.217504134;325.57215939;84.9291389585;0;26.342490286;61.0737858241;57.5344462089;18.9474518152;0;56.8535206545;0;0;0;0;0;85.6418388489;0;617.316;84.4150884356;C128H68F6N6O24S4;0;6;0;26;0;88.9078251726;0;26;C1=CC(=CC(=C1)N2C(=O)C3=C4C(=CC=C5C4=C(C=C3)C(=O)N(C5=O)C6=CC(=CC=C6)OC7=CC=C(C=C7)S(=O)(=O)C8=CC=C(C=C8)C9=CC=C(C=C9)S(=O)(=O)C1=CC=C(C=C1)OC1=CC=CC(=C1)N1C(=O)C3=C4C(=CC=C5C4=C(C=C3)C(=O)N(C5=O)C3=CC(=CC=C3)OC3=CC=C(C=C3)S(=O)(=O)C3=CC=C(C=C3)C3=CC=C(C=C3)S(=O)(=O)C3=CC=C(C=C3)OC3=CC=CC(=C3)N3C(=O)C4=C5C(=CC=C6C5=C(C=C4)C(=O)N(C6=O)C4=CC=CC(=C4)C(F)(F)F)C3=O)C1=O)C2=O)C(F)(F)F 
ChemSpider;98294;;;;;1.1;648;1.551;;;;65;0;4.3661668143;0;0;4.3661668143;0;0;0;0;0;0;0;0;0;0;0;0;0;110.277662693;0;0;534.741;0;0;0;0;2;0;0;0;0;0;0;0;65.4;74.2285048693;0;0;0;0;36.9207203711;1.9092056971;0;10.2130547897;0;488.373;0;28.6751513396;18.7254437416;4.8399;0;2;0;0;2;0;0;212;0;0;0;-3.16;0;0;0;0;0;0;0;0;0;0;0;0;0;9.4737259076;0;11.4990236666;0;2;0;0;0;0;0;0;24.9743773828;99.1507597094;0;9.4737259076;84.7031093914;5.4149904694;0;0;0;6;0;2;915.504441139;234.729094903;0;6.5238710083;0;9.7998194617;0;19.6867806973;32.0542079904;52.4823023645;10.8527329134;16.7258248465;0;6.5238710083;11.4990236666;0;18.6287543984;39.2685384355;0;12.2079327755;0;31.4703976443;250187204.432;0;0;0;0;48.5695487012;0;22.62592665;2;0;0;0;0;10.1951967103;10.1951967103;39;0;6;0;0;0;0;85.5833333333;0;0;0;0;6;13.4410768309;44.6835289049;35.3923712572;62.4170231006;26.3157427344;0;0;9.7998194617;19.6867806973;0;13.4410768309;2;0;0;0;0;23.6735361058;0;161.6836;0;C33H46N2O4;0;0;0;2;0;23.6735361058;0;20;CC(C)(C1=CC=C(C=C1)OCC(CN(CC=C)CC=C)O)C2=CC=C(C=C2)OCC(CN(CC=C)CC=C)O 
ChemSpider;69376;;;;;;;1.5797;;;;;0;19.6335920194;0;0;5.2524383795;51.1293289387;0;0;0;0;0;0;0;0;0;0;0;0;151.659176712;0;0;546.891;0;0;0;0;5;0;0;0;0;0;0;0;18.46;171.300210773;230.659833908;0;0;0;0;1.6927182137;0;0;0;512.619;0;26.478634438;18.44007214;4.7782;0;0;0;0;0;0;0;190;0;0;0;-3.3293506494;0;0;0;0;0;0;0;0;0;0;0;0;0;8.2302941969;0;0;0;0;0;0;0;0;0;0;0;151.659176712;19.641034061;25.9336282284;25.1957007103;8.2302941969;0;0;0;5;0;0;1260.88807106;229.617972598;0;7.3945459067;0;0;0;8.2302941969;26.284639819;0;5.2947594302;11.1905297717;0;20.8990207533;0;0;0;0;0;25.1957007103;0;19.641034061;535307442.661;0;0;0;0;0;0;5.1867256457;0;0;0;20.7469025827;0;10.0464535141;20.5906027218;38;0;2;0;0;15.2254535147;0;58.1912131519;0;0;0;0;2;13.1199145935;0;0;0;0;0;0;0;0;0;20.2529077554;0;0;0;0;0;22.2502533107;0;167.404;0;C33H34O2Si3;0;0;0;5;0;25.2502533107;0;9;C[Si](C1=CC=CC=C1)(C2=CC=CC=C2)O[Si](C)(C3=CC=CC=C3)O[Si](C)(C4=CC=CC=C4)C5=CC=CC=C5 
ChemSpider;2297786;;;;;1.1;152.1;1.513;;;;3;0;1.7390288546;0;0;1.7390288546;0;0;0;0;0;0;0;0;0;0;0;0;0;0;0;0;111.188;0;0;0;0;0;0;0;0;0;0;0;0;3.24;4.8999097309;0;0;0;0;0;1.9218146147;0;0;0;98.084;0;5.3973412255;3.9663264952;1.2446;0;0;0;0;0;0;0;46;0;0;0;-0.04;0;0;0;0;0;0;0;0;0;0;0;0;0;0;0;0;0;0;0;0;0;0;0;0;25.6832864917;0;0;0;24.0312633718;0;0;0;0;1;0;1;78.3876155629;50.6770750774;0;2.4986090886;0;4.8999097309;0;0;4.8030325255;13.0895128118;0.5756305551;1.7283806669;0;2.4986090886;0;0;0;0;0;0;0;31.7251273209;84.4839617386;0;0;0;0;0;0;6.0418408292;0;0;0;38.7727993035;0;2.9742493216;2.9742493216;8;0;1;0;0;0;0;12.3333333333;1;0;0;0;1;3.7071510027;6.0418408292;32.3519776806;6.4208216229;0;0;0;0;4.8999097309;0;3.7071510027;0;0;0;0;1;5.2672045518;0;33.829;0;C7H13N;0;0;0;2;0;5.2672045518;0;0;C1CCN2CCC2C1 
ChemSpider;49071664;;;;;1.1;828.3;1.499;;;;205;2;6.1133860251;0;0;4.5697971029;23.7001791911;0;0;0;0;0;0;0;0;0;0;0;0;0;0;0;682.878;0;1;0;0;0;0;0;1.9027363103;0;0;0;0;179.32;15.950365812;6.0311145123;0;5.9071797294;0;0;1.1714417393;0;9.5890743681;0;624.414;0;32.756809031;22.7027086004;-0.0635;0;0;0;2;9;0;0;270;0;0;0;-1.31;0;0;0;0;0;0;0;0;0;0;0;1;11.7618849494;48.3654340614;4.7945371841;0;0;4;28;0;0;0;0;0;25.6832864917;0;0;21.6840332892;167.03815571;47.4263037683;0;0;0;16;3;0;746.97526413;277.768448577;3;6.8874509102;0;15.950365812;0;52.2208409523;40.8631769204;137.76624178;22.2940446783;29.8003448648;0;8.3960899706;0;0;24.0219759;143.684147826;0;0;0;43.01690618;14970996265.6;0;5.7336674772;0;0;11.7618849494;0;25.0153184755;4;0;0;0;0;10.5176228012;11.7897883282;46;0;13;0;0;0;0;101.763930356;0;0;1;0;15;16.5546466966;30.5131260715;12.8416432459;6.4208216229;0;11.7618849494;4.7945371841;4.7945371841;64.3157998734;0;17.6034014866;0;0;0;0;1;27.386050092;0;173.3925;131.00755702;C30H58N4O11S;0;0;0;2;0;28.2025466729;0;35;C1C2C(C(S1)CCCCC(=O)NCCOCCOCCOCCOCCOCCOCCOCCOCCOCCN)NC(=O)N2 
ChemSpider;17346163;;;;;1.2;736.5;1.472;;;;195;0;3.0599784999;0;0;3.0599784999;11.9386105759;0;0;0;0;0;2;0;0;0;0;2;0;0;0;0;690.777;0;0;0;0;0;0;0;0;0;0;0;0;194.59;0;11.9386105759;0;0;0;0;3.0513867795;0;9.5890743681;0;632.313;0;34.146078567;23.1258976577;0.1516;0;0;0;2;13;0;0;280;0;0;0;-1.58;0;0;0;0;0;0;0;0;0;0;0;0;0;71.7922731891;0;0;2;2;38;0;0;0;0;0;12.8416432459;0;0;0;193.930596443;71.1682927675;0;0;0;17;0;0;591.531658043;277.710172033;0;5.384631838;0;0;0;81.3813475572;45.42;171.778931077;44.42;40.5941949157;0;5.384631838;0;0;26.0554071749;158.565167148;0;11.9386105759;0;12.8416432459;10690818633.5;0;0;0;0;0;0;0;2;0;0;0;0;9.2483187505;9.2483187505;47;0;15;0;0;0;0;116.833333333;0;0;0;0;17;16.0681221666;0;0;0;0;0;0;9.5890743681;71.7922731891;0;16.0681221666;0;0;0;0;0;27.8171414212;0;165.1526;184.620574323;C30H58O17;0;0;0;0;0;27.8171414212;0;42;C(COCCOCCOCCOCCOCCOCCOCCOCCOCCOCCOCCOCCOCCC(=O)O)C(=O)O 
ChemSpider;17339164;;;;;1.1;807.2;1.469;;;;227;0;4.2271663899;0;0;4.2271663899;0;0;0;0;0;0;0;0;0;0;0;0;0;0;0;0;897.107;0;0;0;0;0;0;0;0;0;0;0;0;227.41;0;0;0;0;0;0;3.0578687982;0;0;0;812.435;0;43.71930009;30.4142135624;-0.7808;0;0;0;0;19;0;0;368;0;0;0;-0.84;0;0;0;0;0;0;0;0;0;0;0;2;0;101.467731077;0;0;0;2;56;0;0;0;0;0;0;0;0;11.4673349543;264.151027463;90.0003961222;0;0;0;21;0;0;702.339110865;364.809134244;0;7.2205298177;0;0;0;90.0003961222;60.16;264.151027463;59.16;59.16;0;7.2205298177;0;0;0;264.151027463;0;0;0;0;1.32578647899e+13;0;11.4673349543;0;0;0;0;0;2;0;0;0;0;12.2124265474;12.2124265474;61;0;21;0;0;0;0;134.5;0;0;0;0;21;21.7861516955;13.0895128118;0;0;0;0;0;0;101.467731077;0;21.7861516955;0;0;0;0;0;37.1956893047;0;223.6698;251.061514651;C40H84N2O19;0;0;0;0;0;37.1956893047;0;58;C(COCCOCCOCCOCCOCCOCCOCCOCCOCCOCCOCCOCCOCCOCCOCCOCCOCCOCCOCCN)N 
ChemSpider;29354498;;;;;1.1;628.8;1.461;;;;148;0;2.602931996;0;0;2.602931996;5.969305288;0;0;0;0;0;1;0;0;0;0;1;0;0;0;0;588.688;0;0;0;0;0;0;0;0;0;0;0;0;148.06;0;5.969305288;0;0;0;0;3.0268883558;0;4.7945371841;0;536.272;0;29.0331943919;19.77005561;0.2901;0;0;0;1;12;0;0;240;0;0;0;-1.01;0;0;0;0;0;0;0;0;0;0;0;0;0;61.9488828404;0;0;1;1;33;1;0;0;0;0;6.4208216229;0;0;0;170.143915408;61.6368926297;0;0;0;14;0;0;486.317385728;238.181102494;0;4.6121448366;0;0;0;66.7434200245;38.99;159.068082725;36.99;36.0163227165;7.1097975413;4.6121448366;0;0;13.0277035874;145.351403219;0;5.969305288;0;6.4208216229;416730413.923;0;0;0;0;0;0;0;1;0;0;0;0;7.8726346157;7.8726346157;40;0;13;0;0;0;0;94.6666666667;0;0;0;0;14;13.8290607197;7.1097975413;0;0;0;0;0;4.7945371841;61.9488828404;0;13.8290607197;0;0;0;0;0;24.22500412;0;143.1378;158.379106807;C26H52O14;0;0;0;0;0;24.22500412;0;36;COCCOCCOCCOCCOCCOCCOCCOCCOCCOCCOCCOCCC(=O)O 
ChemSpider;21884608;;;;;1.3;959.3;1.53;;;;326;6;7.2311389678;0;0;5.5082966118;57.1551254461;0;0;0;0;0;0;0;0;0;0;0;0;0;0;0;1109.27;0;0;0;0;0;0;0;3.4957062687;0;4;0;0;275.04;0;11.9386105759;23.6287189174;0;0;0;1.1107946888;0;28.7672231044;0;1028.63;0;53.0452090247;36.3799178531;0.628;0;0;0;6;16;0;0;430;0;0;0;-2.72;0;0;0;0;0;0;0;0;0;0;0;0;21.5877959528;85.4649844283;0;0;0;0;51;0;0;0;0;0;38.5249297376;0;0;0;268.619695021;114.232207533;0;0;0;28;0;2;1294.55136882;441.236857076;4;9.2122510786;0;10.1264354499;0;114.232207533;67.3899150478;222.925930078;41.4448197265;51.0599189348;21.5877959528;11.5455844119;0;0;64.9524575956;195.119130456;0;35.5673294933;0;38.5249297376;8.34644619492e+15;0;0;0;0;0;0;11.5057072135;0;0;0;0;0;15.032209986;17.7343246501;74;0;26;0;0;0;0;179.170960398;0;0;0;0;26;24.995510311;37.1889937052;0;21.5877959528;10.1264354499;0;9.5890743681;19.1781487363;85.4649844283;2;27.4835441827;0;0;0;0;0;42.7931539905;0;261.612;224.26186611;C46H80N2O24S2;0;0;0;2;0;44.4261471524;0;59;C1CC(=O)N(C1=O)OC(=O)CCOCCOCCOCCOCCOCCOCCOCCOCCSSCCOCCOCCOCCOCCOCCOCCOCCOCCC(=O)ON2C(=O)CCC2=O 
ChemSpider;17345687;;;;;1.1;559.7;1.477;;;;150;0;1.9945826564;0;1;1.8654832115;18.598094436;0;0;0;0;0;1;0;0;0;0;1;0;0;0;0;458.57;0;0;0;0;0;0;0;4.0461762694;0;0;0;0;111.14;12.628789148;5.969305288;0;0;0;0;2.9946677725;0;4.7945371841;0;420.266;0;21.96212658;14.77005561;0.5237;0;0;0;1;8;0;0;180;0;0;0;-0.5;0;0;0;0;0;0;0;0;0;0;0;0;12.628789148;43.0014310252;0;0;1;1;23;0;0;0;0;0;6.4208216229;0;0;0;122.538797722;42.6894408145;0;0;0;11;0;0;349.276814164;184.327393439;0;3.2999490471;0;0;0;47.7959682093;29.5;111.462965039;27.5;26.5350877193;0;3.482523233;0;0;13.0277035874;99.1032294677;0;5.969305288;0;6.4208216229;3141733.76745;0;0;0;0;0;0;5.7528536068;2;0;0;0;0;5.7663248265;6.213538422;30;0;10;0;0;0;0;68.8427126195;0;0;0;0;10;10.2163142531;5.7528536068;0;0;0;12.628789148;0;4.7945371841;43.0014310252;0;10.8487697851;0;0;0;0;0;17.7965838665;0;112.6578;112.130933055;C19H38O10S;0;0;0;0;0;18.6910110575;0;26;C(COCCOCCOCCOCCOCCOCCOCCOCCS)C(=O)O 
ChemSpider;17345686;;;;;1.1;423.7;1.46;;;;103;0;1.5375361524;0;1;1.4084367076;12.628789148;0;0;0;0;0;0;0;0;0;0;0;0;0;0;0;356.481;0;0;0;0;0;0;0;4.0435862805;0;0;0;0;64.61;12.628789148;0;0;0;0;0;2.9219621944;0;0;0;324.225;0;16.8492424049;11.4142135624;0.6622;0;0;0;0;7;0;0;140;0;0;0;0.07;0;0;0;0;0;0;0;0;0;0;0;0;12.628789148;33.1580406766;0;0;0;0;18;1;0;0;0;0;0;0;0;0;98.7521166867;33.1580406766;0;0;0;8;0;0;190.264413357;144.798323899;0;2.5274620457;0;0;0;33.1580406766;23.07;98.7521166867;22.07;22.07;7.1097975413;2.7100362316;0;0;0;85.8894655387;0;0;0;0;119072.772358;0;0;0;0;0;0;5.7528536068;1;0;0;0;0;4.3906406918;4.8378542873;23;0;8;0;0;0;0;46.6786359418;0;0;0;0;7;7.9772528062;12.862651148;0;0;0;12.628789148;0;0;33.1580406766;0;8.6097083383;0;0;0;0;0;14.2044465654;0;90.643;85.8894655387;C15H32O7S;0;0;0;0;0;15.0988737564;0;20;COCCOCCOCCOCCOCCOCCOCCS 
ChemSpider;17339188;;;;;1.1;669.5;1.462;;;;157;1;3.1336965302;0;0;3.1336965302;5.969305288;0;0;0;0;0;0;0;0;0;0;0;0;0;0;0;674.822;0;0;0;0;0;0;0;0;0;0;0;0;157.29;0;5.969305288;0;0;0;5.601050811;3.0876019512;0;4.7945371841;0;612.326;0;33.6545147355;22.4545070219;0.9097;0;1;0;1;13;0;0;276;0;0;0;-1.05;0;0;0;0;0;0;0;0;0;0;0;0;0;66.6857457942;0;0;0;1;35;0;0;0;0;0;27.192033222;0;0;0;181.848932607;66.3737555835;0;0;0;15;0;0;606.978015299;275.119358296;0;5.1982632607;0;0;0;71.4802829783;44.95;165.172049113;40.9732828871;36.7801945854;0;5.1982632607;0;0;18.9970088754;158.565167148;0;5.601050811;0;32.793084033;5271221863.42;0;0;0;0;20.7712115991;1;0;1;0;0;0;0;10.4085190023;10.4085190023;46;0;15;0;0;0;0;106.416666667;0;0;0;0;15;16.2103568226;0;20.7712115991;0;0;0;0;4.7945371841;66.6857457942;0;16.2103568226;1;0;0;0;0;28.5474659728;0;167.3758;171.592870736;C31H62O15;0;0;0;0;0;28.5474659728;0;40;CC(C)(C)OC(=O)CCOCCOCCOCCOCCOCCOCCOCCOCCOCCOCCOCCOCCO 
ChemSpider;4385544;;;;;1.1;547.7;1.465;;;;129;1;2.0443140162;0;0;2.0443140162;6.0932400709;0;0;0;0;0;0;0;0;0;0;0;0;0;0;0;468.588;0;0;0;0;0;0;0;0;0;0;0;0;128.96;5.316788604;6.0932400709;0;0;0;5.601050811;3.1002849807;0;4.7945371841;0;424.236;0;23.7550197989;15.4545070219;0.586;0;0;0;1;8;0;0;192;0;0;0;-1.05;0;0;0;0;0;0;0;0;0;0;0;1;0;43.6285711076;4.7945371841;0;0;2;21;0;0;0;0;0;20.7712115991;0;0;11.0504560812;117.280151197;37.8949036304;0;0;0;11;1;0;409.221783161;191.997730132;1;3.4088606331;0;5.316788604;0;42.6894408145;30.95;105.585860315;26.9845423143;23.11974954;0;3.4088606331;0;0;0;105.585860315;0;11.6942908819;0;26.3722624101;5657968.62793;0;5.7336674772;0;0;20.7712115991;0;0;2;0;0;0;0;7.5039508666;7.5039508666;32;0;10;0;0;0;0;74.4166666667;0;0;0;1;11;11.1656260011;13.0895128118;20.7712115991;0;0;0;4.7945371841;0;48.9453597116;0;11.1656260011;0;0;0;0;0;20.0652933823;0;119.0241;92.4963475032;C21H44N2O9;0;0;0;0;0;20.0652933823;0;26;CC(C)(C)OC(=O)NCCOCCOCCOCCOCCOCCOCCOCCN 
ChemSpider;4256166;;;;;1.1;667.6;1.467;;;;166;1;2.9239668274;0;0;2.9239668274;6.0932400709;0;0;0;0;0;0;0;0;0;0;0;0;0;0;0;644.8;0;0;0;0;0;0;0;0;0;0;0;0;165.88;5.316788604;6.0932400709;0;0;0;5.601050811;3.0878940923;0;4.7945371841;0;584.32;0;32.2403011731;21.4545070219;0.6524;0;0;0;1;12;0;0;264;0;0;0;-1.21;0;0;0;0;0;0;0;0;0;0;0;1;0;62.5760229228;4.7945371841;0;0;2;33;0;0;0;0;0;20.7712115991;0;0;11.0504560812;170.135206913;56.8423554456;0;0;0;15;1;0;585.959615744;263.371447966;1;4.8968945048;0;5.316788604;0;61.6368926297;42.79;158.440916031;38.8145158127;34.6591299892;0;4.8968945048;0;0;0;158.440916031;0;11.6942908819;0;26.3722624101;1990305675.01;0;5.7336674772;0;0;20.7712115991;0;0;2;0;0;0;0;9.9534406094;9.9534406094;44;0;14;0;0;0;0;100.416666667;0;0;0;1;15;15.4750270778;13.0895128118;20.7712115991;0;0;0;4.7945371841;0;67.8928115268;0;15.4750270778;0;0;0;0;0;27.3551407937;0;162.3001;145.351403219;C29H60N2O13;0;0;0;0;0;27.3551407937;0;38;CC(C)(C)OC(=O)NCCOCCOCCOCCOCCOCCOCCOCCOCCOCCOCCOCCN 
ChemSpider;3831175;;;;;1.1;609.8;1.466;;;;147;1;2.4841404218;0;0;2.4841404218;6.0932400709;0;0;0;0;0;0;0;0;0;0;0;0;0;0;0;556.694;0;0;0;0;0;0;0;0;0;0;0;0;147.42;5.316788604;6.0932400709;0;0;0;5.601050811;3.0909598623;0;4.7945371841;0;504.278;0;27.997660486;18.4545070219;0.6192;0;0;0;1;10;0;0;228;0;0;0;-1.13;0;0;0;0;0;0;0;0;0;0;0;1;0;53.1022970152;4.7945371841;0;0;2;27;0;0;0;0;0;20.7712115991;0;0;11.0504560812;143.707679055;47.368629538;0;0;0;13;1;0;496.420086862;227.684589049;1;4.152877569;0;5.316788604;0;52.1631667221;36.87;132.013388173;32.8986779467;28.8673016332;0;4.152877569;0;0;0;132.013388173;0;11.6942908819;0;26.3722624101;106631063.09;0;5.7336674772;0;0;20.7712115991;0;0;2;0;0;0;0;8.728695738;8.728695738;38;0;12;0;0;0;0;87.4166666667;0;0;0;1;13;13.3203265395;13.0895128118;20.7712115991;0;0;0;4.7945371841;0;58.4190856192;0;13.3203265395;0;0;0;0;0;23.710217088;0;140.6621;118.923875361;C25H52N2O11;0;0;0;0;0;23.710217088;0;32;CC(C)(C)OC(=O)NCCOCCOCCOCCOCCOCCOCCOCCOCCOCCN 
ChemSpider;3795954;;;;;;;;;;;162;1;2.336239596;0;0;2.336239596;11.8764850173;0;0;0;0;0;1;0;0;0;0;1;0;10.442840646;0;0;554.594;0;0;0;0;0;0;0;0;0;0;0;0;198.23;20.0796133307;5.969305288;0;5.9071797294;0;13.213763929;3.0978459372;0;9.5890743681;0;512.258;0;27.7821175363;18.6639024601;-0.3531;0;0;0;2;9;0;0;222;0;0;0;-2.11;0;0;0;0;0;0;0;0;0;0;0;0;0;48.532560024;0;0;1;2;25;0;0;10.442840646;0;0;0;5.1142501256;0;5.316788604;148.996400585;52.2208409523;0;0;0;16;1;3;596.67981887;222.22580465;1;4.030191694;0;5.316788604;0;57.3273683472;35.89;132.013388173;31.9195072293;31.1097979477;0;4.030191694;0;0;6.6068819645;118.799624244;0;18.4833669818;0;0;139616859.701;0;5.1142501256;0;0;0;0;0;2;0;0;0;0;7.0899412122;7.0899412122;38;1;12;0;0;0;0;99.3333333333;0;0;0;0;16;12.3548954487;18.0012244591;5.5311289988;5.1142501256;0;0;4.7945371841;4.7945371841;53.055082583;0;12.3548954487;0;0;0;0;0;21.9217212008;0;132.0295;105.710111432;C22H42N4O12;0;0;0;0;0;21.9217212008;0;32;C(COCCOCCOCCOCCOCCOCCOCCOCCN=[N+]=[N-])NC(=O)COCC(=O)O 
ChemSpider;32699217;;;;;1.5;1418.5;1.709;;;;404;6;13.8171559643;0;0;9.20923315;88.6366490881;0;0;0;0;0;3;0;0;0;0;3;0;107.685860502;0;0;1048.236;0;0;0;0;3;0;0;3.3140839576;0;0;0;0;327.79;37.217520228;17.9079158639;0;35.4430783761;0;59.7504402753;1.1949787307;0;58.4704168412;0;990.78;0;52.6114262594;33.8219497557;-0.1819;0;0;0;9;0;0;0;384;0;0;0;-6.18;0;0;0;0;0;0;0;0;0;0;0;1;35.2856548482;5.7336674772;0;0;3;11;0;0;0;0;0;0;58.2327776732;90.9955060269;0;42.9511877052;158.309739416;43.1508346566;0;0;0;24;7;1;2613.99553981;426.625020235;6;12.9507823592;0;42.1174299589;0;58.4704168412;53.6148542572;0;11.072222158;21.1146385107;120.405195088;17.5330564117;0;0;11.1269029834;5.5634514917;0;138.090247501;0;126.281676459;2.08424862834e+15;0;5.7336674772;0;0;0;0;23.5237698988;11;0;0;28.7945288172;0;19.3094842535;24.671907171;72;0;15;1;0;0;0;188.435916042;0;0;3;0;21;22.8110088656;14.2410673597;58.2327776732;90.9955060269;35.2856548482;0;4.7945371841;48.9898746806;52.5371024126;0;25.4499672994;0;0;0;0;1;39.8536414049;0;268.0237;10.7477456259;C48H57N9O12S3;0;0;0;7;0;42.3031311477;0;23;CC1(C(NC(S1)C(C(=O)NC(C2=CC=CC=C2)C(=O)NC(C3NC(C(S3)(C)C)C(=O)O)C(=O)NC(C4=CC=CC=C4)C(=O)NC5C6N(C5=O)C(C(S6)(C)C)C(=O)O)NC(=O)C(C7=CC=CC=C7)N)C(=O)O)C 
ChemSpider;2199;;;;;;;1.5735;;;;;0;2.8091973765;0;0;2.8091973765;0;0;0;0;0;0;0;0;0;0;0;0;0;59.6578395311;0;0;340.419;0;0;0;0;2;0;0;0;0;0;0;0;43.52;38.1129426732;0;0;0;0;36.9207203711;1.4124141275;0;0;0;316.227;0;17.2778101141;12.1093229166;3.5677;0;0;0;0;4;0;0;132;0;0;0;-2.04;0;0;0;0;0;0;0;0;0;0;0;0;0;18.9474518152;0;11.4990236666;0;0;0;0;0;0;0;0;24.9743773828;48.5309365477;0;9.4737259076;38.6354606335;14.888716377;0;0;0;4;0;0;636.180837785;148.215494966;0;4.6876478599;0;0;0;18.9474518152;16.4296071472;26.4275278581;4.1418404925;6.6951835052;0;4.6876478599;11.4990236666;0;17.6229232449;13.213763929;0;0;0;31.4703976443;1360885.74424;0;0;0;0;24.2654682738;0;24.7127875956;0;0;0;11.1269029834;0;7.2064468604;7.2064468604;25;0;4;0;0;0;0;50.5833333333;0;0;0;0;4;8.8100809216;5.4149904694;35.3923712572;38.1129426732;0;0;0;0;18.9474518152;0;8.8100809216;0;2;0;0;0;14.7349229785;0;95.482;13.213763929;C21H24O4;0;0;0;4;0;14.7349229785;0;8;CC(C)(C1=CC=C(C=C1)OCC2CO2)C3=CC=C(C=C3)OCC4CO4 
ChemSpider;163569;;;;;1.3;776.9;1.549;;;;234;8;3.7705741314;0;0;3.7705741314;59.377084419;0;0;0;0;0;0;0;0;0;0;0;0;99.6922874397;0;0;770.741;0;0;0;0;1;0;0;0;2;0;0;0;234.46;50.1071913096;48.0023118696;0;0;0;63.6850366549;3.2020756673;0;38.3562974726;0;728.405;0;41.4427360531;26.0820159581;3.44002;0;0;0;8;8;0;0;296;1;0;0;-6.98;0;0;0;0;0;0;0;0;0;0;0;0;0;37.8949036304;20.9638469175;0;0;2;0;0;0;0;0;17.7537181385;5.5634514917;94.128835948;0;10.633577208;100.857367586;66.6621267348;0;0;0;18;2;0;1543.907989;315.907253476;2;6.8632836763;0;0;0;76.251201103;46.0408246564;63.4886329241;17.3938389494;23.5549357049;6.9237371997;6.8632836763;0;0;11.3747725494;5.5634514917;0;111.687348524;0;6.9237371997;250458004278;0;10.8299809388;0;0;0;6;36.456120641;2;0;0;18.1991012054;0;11.302975006;11.302975006;55;0;16;0;0;0;0;159.833333333;0;0;0;0;18;15.8233889473;47.8308931904;24.6199228283;45.5399811701;0;0;38.3562974726;10.633577208;37.8949036304;0;15.8233889473;0;0;0;0;0;30.1276200067;0;192.9224;0;C37H42N2O16;0;0;0;1;0;30.1276200067;0;34;CC1=C(C=C(C=C1)NC(=O)OCC(COC(=O)C=C)(COC(=O)C=C)COC(=O)C=C)NC(=O)OCC(COC(=O)C=C)(COC(=O)C=C)COC(=O)C=C 
ChemSpider;1266719;;;;;1.2;347.9;1.614;;;;43;1;1.1562825719;0;0;1.1562825719;5.7832449464;0;0;0;0;0;0;0;2;0;0;0;0;72.6163695302;0;0;214.22;0;0;0;0;0;0;0;0;0;0;0;0;43.35;0;0;0;0;5.7832449464;11.5204948377;1.9418819269;0;4.7945371841;0;204.14;0;11.2173321818;7.8433365929;2.9505;0;0;0;1;0;0;0;80;0;0;0;-2.29;0;0;0;0;0;0;0;0;0;0;0;0;0;8.8343018741;0;0;0;0;0;0;0;0;0;0;11.5204948377;69.9301765666;0;0;5.7832449464;4.7945371841;0;0;0;3;0;0;441.034803344;92.6841824614;0;1.9100984468;0;0;0;13.6288390582;10.235362076;0;2.8498118619;4.9786519412;48.9438344788;1.9100984468;0;0;5.7832449464;11.5204948377;0;0;1;0;8728.45025105;0;0;0;0;0;0;0;0;0;0;12.1520402137;0;3.099874748;3.099874748;16;0;3;0;2;10.1052754157;0;28.8947245843;0;0;0;0;3;4.8158277641;0;48.5695487012;0;0;0;0;4.7945371841;8.8343018741;0;4.8158277641;0;0;0;0;0;8.4982475633;0;58.907;12.5263259913;C13H10O3;0;0;0;2;0;8.4982475633;0;4;C1=COC(=C1)C=CC(=O)C=CC2=CC=CO2 
ChemSpider;13836520;;;;;;50;1.433;;;;;0;0.4470869975;0;0;0.4470869975;0;0;0;0;0;0;0;0;0;0;0;0;0;12.6549557904;0;0;114.144;0;0;0;0;0;0;0;0;0;0;0;0;21.76;6.5789356836;0;0;0;0;6.1039663878;1.803593801;0;0;0;104.064;0;5.8199909563;3.9318516526;0.5878;0;0;0;0;2;0;0;46;0;0;0;-0.34;0;0;0;0;0;0;0;0;0;0;0;0;0;9.4737259076;0;0;0;0;1;0;0;0;0;0;0;12.6549557904;0;0;25.9246122813;9.4737259076;0;0;0;2;0;0;76.5977206057;49.0956178731;0;0.8713732078;0;0;0;9.4737259076;5.7905483029;19.8206458935;2.0947428914;2.8449281825;6.0760201068;0.8713732078;0;0;0;12.7108483523;0;0;0;6.1039663878;145.436783622;0;0;0;0;0;0;13.213763929;0;0;0;0;0;1.7814744144;1.7814744144;8;0;2;0;0;0;0;17.8333333333;0;0;0;0;2;2.734720826;0;0;6.0760201068;6.5789356836;0;0;0;9.4737259076;0;2.734720826;0;1;0;0;0;4.7996242441;0;30.756;19.8206458935;C6H10O2;0;0;0;1;0;4.7996242441;0;4;C=CCOCC1CO1 
ChemSpider;145119;;;;;2.2;;2.017;;;;95;0;0.9024859166;0;0;0.9024859166;16.9817407162;0;0;0;0;0;0;0;0;0;1;0;0;21.718665901;0;0;165.112;0;0;2;0;0;0;0;0;0;0;0;0;103.86;25.1127960116;5.6897433982;0;5.8178627778;5.6471772208;5.5167007176;2.9780686085;0;9.7016024281;0;162.088;0;8.5520417639;5.8088617503;-0.9197;0;0;0;0;0;0;0;60;0;0;0;-2.05;0;0;0;0;0;0;0;0;0;0;0;0;0;0;5.8178627778;0;0;2;0;0;0;11.1638779384;0;4.907065244;0;16.2987391867;0;5.6897433982;19.9359140838;0;0;0;0;7;2;3;483.789390841;64.8374260994;0;1.3802004316;1;19.9359140838;0;0;6.6472331686;0;0.7970171907;2.2234937746;0;1.3802004316;0;0;11.4650399986;5.5167007176;0;5.6897433982;0;0;931.147588738;0;5.1768819279;4;2;0;0;0;2;0;0;6.3273200748;0;2.0829931088;2.0829931088;12;0;5;0;0;0;0;36.6666666667;0;0;0;0;7;3.0779995464;0;5.1768819279;0;4.907065244;4.983978521;9.778515705;4.983978521;4.983978521;0;3.0779995464;0;0;0;0;1;5.7354876366;0;40.829;6.3273200748;C5H3N5O2;0;0;0;2;0;5.7354876366;0;1;C1=NC2=NC(=O)NC(=C2N1)N=O 
ChemSpider;81758;;;;;1.4;375.8;1.478;;;;103;1;0.7261199616;0;0;0.4137494469;13.7920024111;0;0;0;0;0;0;0;0;0;0;0;0;12.1520402137;0;0;210.122;0;0;0;0;0;1;0;0;0;0;0;0;93.06;15.8395457991;13.7920024111;0;0;0;6.6068819645;3.5312469367;0;9.359585469;0;199.034;0;10.4831276631;5.827185822;0.215;0;0;0;1;1;0;0;76;0;0;0;-0.68;0;0;0;0;0;0;0;0;0;0;0;0;7.8226971231;9.7868232055;0;0;0;2;1;0;0;0;0;0;6.9237371997;12.1520402137;0;0;28.9698924225;18.6201955845;1;0;0;7;0;0;241.509031671;75.4010493056;0;0.9244132417;0;0;0;28.40701879;12.32;13.213763929;7.6733568905;5.1367483588;0;1.4433367905;0;0;18.7868684591;0;0;13.7920024111;0;6.9237371997;396.193583685;0;0;0;0;0;1;0;2;0;0;6.9237371997;0;2.2400498178;3.479402609;13;0;4;0;0;14.1432246788;0;30.9956642101;0;0;0;0;6;3.3543003219;5.5731045301;6.9237371997;6.5789356836;0;0;9.359585469;4.5237471617;14.5236861593;0;4.8845970653;0;0;0;0;0;7.0959542919;0;43.7691;6.6068819645;C6H11O6P;0;0;0;0;0;7.9903814829;0;6;CC(=C)C(=O)OCCOP(=O)(O)O 
ChemSpider;10272879;;;;;1.8;;1.839;;;;442;0;12.1705821019;0;0;12.1705821019;0;0;0;0;0;0;0;0;0;0;0;0;0;164.326206573;0;0;1155.036;0;0;0;0;8;0;0;0;0;0;0;0;441.52;0;0;0;0;64.3079938295;93.4100075504;1.135704151;0;102.130547897;0;1104.636;0;59.8050604921;39.9106105072;4.5952;0;4;0;0;4;16;0;434;0;0;0;-10.4;0;0;0;0;0;0;0;0;0;0;0;0;0;18.9474518152;0;114.990236666;0;20;0;0;0;0;0;0;78.9516845472;103.128240164;0;18.9474518152;150.962278999;6.4208216229;0;0;0;24;0;0;4032.11040831;471.525899283;0;15.9957551603;0;0;0;121.077999712;54.2013782003;0;8.4425998123;19.6573874392;0;15.9957551603;114.990236666;0;39.1302207835;0;0;210.064253154;0;73.0062708634;2.41759004202e+19;0;0;0;0;0;0;78.86277189;20;0;0;24.2654682738;0;20.9781392793;20.9781392793;84;0;24;0;0;0;0;235.833333333;0;16;0;0;24;25.6905831386;75.6968174071;70.7847425145;24.2654682738;0;0;0;0;121.077999712;0;25.6905831386;4;0;0;0;4;42.9501793904;16;285.505;23.8576845262;C60H50O24;0;0;0;12;0;42.9501793904;0;7;C1C(C(OC2=C1C(=CC(=C2C3C(C(OC4=C3C(=CC(=C4C5C(C(OC6=C(C(=CC(=C56)O)O)C7C(C(OC8=CC(=CC(=C78)O)O)C9=CC(=C(C=C9)O)O)O)C1=CC(=C(C=C1)O)O)O)O)O)C1=CC(=C(C=C1)O)O)O)O)O)C1=CC(=C(C=C1)O)O)O 
ChemSpider;32699217;;;;;1.5;1418.5;1.709;;;;404;6;13.8171559643;0;0;9.20923315;88.6366490881;0;0;0;0;0;3;0;0;0;0;3;0;107.685860502;0;0;1048.236;0;0;0;0;3;0;0;3.3140839576;0;0;0;0;327.79;37.217520228;17.9079158639;0;35.4430783761;0;59.7504402753;1.1949787307;0;58.4704168412;0;990.78;0;52.6114262594;33.8219497557;-0.1819;0;0;0;9;0;0;0;384;0;0;0;-6.18;0;0;0;0;0;0;0;0;0;0;0;1;35.2856548482;5.7336674772;0;0;3;11;0;0;0;0;0;0;58.2327776732;90.9955060269;0;42.9511877052;158.309739416;43.1508346566;0;0;0;24;7;1;2613.99553981;426.625020235;6;12.9507823592;0;42.1174299589;0;58.4704168412;53.6148542572;0;11.072222158;21.1146385107;120.405195088;17.5330564117;0;0;11.1269029834;5.5634514917;0;138.090247501;0;126.281676459;2.08424862834e+15;0;5.7336674772;0;0;0;0;23.5237698988;11;0;0;28.7945288172;0;19.3094842535;24.671907171;72;0;15;1;0;0;0;188.435916042;0;0;3;0;21;22.8110088656;14.2410673597;58.2327776732;90.9955060269;35.2856548482;0;4.7945371841;48.9898746806;52.5371024126;0;25.4499672994;0;0;0;0;1;39.8536414049;0;268.0237;10.7477456259;C48H57N9O12S3;0;0;0;7;0;42.3031311477;0;23;CC1(C(NC(S1)C(C(=O)NC(C2=CC=CC=C2)C(=O)NC(C3NC(C(S3)(C)C)C(=O)O)C(=O)NC(C4=CC=CC=C4)C(=O)NC5C6N(C5=O)C(C(S6)(C)C)C(=O)O)NC(=O)C(C7=CC=CC=C7)N)C(=O)O)C 
