density;refractive_index;fr_C_O_noCOO;Chi4v;fr_Ar_COO;fr_SH;Chi4n;SMR_VSA10;fr_para_hydroxylation;fr_barbitur;fr_halogen;fr_dihydropyridine;fr_priamide;fr_Al_COO;fr_guanido;fr_furan;fr_morpholine;fr_nitroso;fr_COO2;fr_amidine;SMR_VSA7;fr_benzodiazepine;fr_Imine;MolWt;fr_hdrzine;fr_urea;fr_Ar_NH;fr_quatN;fr_benzene;fr_phos_acid;fr_sulfone;VSA_EState10;fr_aniline;fr_N_O;fr_sulfonamd;fr_thiazole;TPSA;EState_VSA8;PEOE_VSA14;PEOE_VSA13;PEOE_VSA12;PEOE_VSA11;PEOE_VSA10;BalabanJ;fr_lactone;EState_VSA10;EState_VSA11;HeavyAtomMolWt;fr_nitro_arom;Chi0;Chi1;MolLogP;fr_nitro;fr_Al_OH;fr_azo;fr_C_O;fr_ether;fr_phenol_noOrthoHbond;fr_alkyl_halide;NumValenceElectrons;fr_aryl_methyl;fr_Ndealkylation2;fr_term_acetylene;HallKierAlpha;fr_C_S;fr_thiocyan;fr_ketone_Topliss;VSA_EState4;VSA_EState5;VSA_EState6;VSA_EState7;VSA_EState1;VSA_EState2;VSA_EState3;fr_HOCCN;fr_NH2;SlogP_VSA12;EState_VSA9;SlogP_VSA10;SlogP_VSA11;fr_COO;NHOHCount;fr_unbrch_alkane;fr_methoxy;fr_thiophene;SlogP_VSA8;SlogP_VSA9;SlogP_VSA4;SlogP_VSA5;SlogP_VSA6;SlogP_VSA7;SlogP_VSA1;SlogP_VSA2;SlogP_VSA3;fr_phos_ester;fr_piperzine;fr_nitrile;NumHeteroatoms;fr_NH1;fr_NH0;BertzCT;LabuteASA;fr_amide;Chi3n;fr_imidazole;SMR_VSA3;SMR_VSA2;SMR_VSA1;Kappa1;SMR_VSA6;Kappa3;Kappa2;EState_VSA6;Chi3v;SMR_VSA9;SMR_VSA8;EState_VSA2;EState_VSA3;fr_Ndealkylation1;EState_VSA1;fr_ketone;SMR_VSA5;Ipc;fr_diazo;SMR_VSA4;fr_Ar_N;fr_Nhpyrrole;EState_VSA7;fr_ester;EState_VSA4;NumHDonors;fr_prisulfonamd;fr_oxime;EState_VSA5;fr_isocyan;Chi2n;Chi2v;HeavyAtomCount;fr_azide;NumHAcceptors;fr_lactam;fr_allylic_oxid;VSA_EState8;fr_oxazole;VSA_EState9;fr_piperdine;fr_Ar_OH;fr_sulfide;fr_alkyl_carbamate;NOCount;Chi1n;PEOE_VSA8;PEOE_VSA7;PEOE_VSA6;PEOE_VSA5;PEOE_VSA4;PEOE_VSA3;PEOE_VSA2;PEOE_VSA1;fr_imide;Chi1v;fr_Al_OH_noTert;fr_epoxide;fr_hdrzone;fr_isothiocyan;fr_bicyclic;Chi0n;fr_phenol;MolMR;PEOE_VSA9;fr_aldehyde;fr_pyridine;fr_tetrazole;RingCount;fr_nitro_arom_nonortho;Chi0v;fr_ArN;NumRotatableBonds;nAtom;ALogP;ALogp2;AMR;apol;ECCEN;TopoPSA;MW;WPATH;WPOL;Zagreb;fragC;FMF;C1SP1;C2SP1;C1SP2;C2SP2;C3SP2;C1SP3;C2SP3;C3SP3;C4SP3;BCUTw_1l;BCUTw_1h;BCUTc_1l;BCUTc_1h;BCUTp_1l;BCUTp_1h;bpol;nB;ATSc1;ATSc2;ATSc3;ATSc4;ATSc5;ATSm1;ATSm2;ATSm3;ATSm4;ATSm5;ATSp1;ATSp2;ATSp3;ATSp4;ATSp5;nHBAcc;nHBDon;HybRatio;nAtomLC;nAtomP;nAtomLAC;MDEC_11;MDEC_12;MDEC_13;MDEC_14;MDEC_22;MDEC_23;MDEC_24;MDEC_33;MDEC_34;MDEC_44;MDEO_11;MDEO_12;MDEO_22;MDEN_11;MDEN_12;MDEN_13;MDEN_22;MDEN_23;MDEN_33;MLogP;PetitjeanNumber;nRotB;LipinskiFailures;VAdjMat;XLogP
1.1;1.421;0;3.9594431489;0;0;1.319814383;8.804435157;0;0;0;0;0;0;0;0;0;0;0;0;0;0;0;221.373;0;0;0;0;0;0;0;0;0;0;0;0;53.71;0;87.4176490109;0;0;0;0;4.2106704434;0;0;0;198.189;0;10.8639610307;6.7426406871;1.3836;0;0;0;0;0;0;0;86;0;0;0;0.0568831169;0;0;0;0;0;0;0;0;0;0;0;1;0;19.0116825555;0;0;0;1;0;0;0;0;0;0;27.192033222;0;6.0440957769;5.7336674772;35.1698374565;13.2780150784;0;0;0;5;0;0;118.205924253;88.0902871606;0;1.7798393687;0;0;0;13.2780150784;14.0568831169;26.3654022995;5.0664194372;8.3721974023;0;4.9312698157;0;0;0;26.3654022995;0;8.804435157;0;33.2361289989;1050.01730927;0;5.7336674772;0;0;20.7712115991;0;12.4649173998;1;0;0;0;0;2.8742793328;5.6063301403;14;0;4;0;0;16.9541666667;0;13.2402777778;0;0;0;0;4;5.3615198641;0;0;0;0;0;0;0;0;0;7.2933715167;0;0;0;0;0;9.5447358277;0;59.1104;0;0;0;0;0;0;10.5447358277;0;9;37;0.5637;0.31775769;49.5991;40.062239;140;53.71;221.14472031;320;17;56;1114.05;0;0;0;0;0;0;8;1;0;0;11.89;27.9769274168;-0.335427641;0.3122566208;4.7408105708;8.1257562348;44.711761;13;0.5166390636;-0.4138843659;0.3435825196;-0.2095539931;-0.1307302103;21.1512994638;21.8455331633;24.8355677022;25.508436527;23.7157771309;502.638440411;513.406808565;600.404153477;657.16194694;644.93241501;4;1;1;8;0;3;0.5;4.7397157393;0;0;4.7860843057;0;0;0;0;0;0;0;1.5;0;0;0;0;0;0;1.9;0.4285714286;9;0;4.7004397181;1.47
1.1;1.4501;0;3.5811337072;0;0;1.8589718743;8.804435157;0;0;0;0;0;0;0;0;0;0;0;0;0;0;0;278.469;0;0;0;0;0;0;0;0;0;0;0;0;65.74;5.316788604;112.24477205;0;0;0;0;3.3838518686;0;0;0;248.229;0;13.6923881554;8.7426406871;1.3633;0;0;0;0;0;0;0;110;0;0;0;0.0168831169;0;0;0;0;0;0;0;0;0;0;0;1;0;19.0116825555;0;0;0;2;7;0;0;0;0;0;32.1041081146;0;6.0440957769;11.0504560812;49.7680969986;13.2780150784;0;0;0;6;1;0;172.44079552;112.734975687;0;3.0772065415;0;5.316788604;0;13.2780150784;18.0168831169;40.9636618416;8.1771316406;12.0713920249;21.3293926238;5.9091577715;0;0;0;0;0;8.804435157;0;38.1482038915;8690.12610572;0;5.7336674772;0;0;0;0;38.5200082405;2;0;0;19.2624648688;0;4.3518272252;7.4425975003;18;0;5;0;0;16.0893174242;0;21.1051270202;0;0;0;0;5;6.8060257693;0;0;0;0;0;0;0;0;0;8.7378774219;0;0;0;0;0;12.1660561713;0;76.5971;0;0;0;0;0;0;13.1660561713;0;13;48;-1.7367;3.01612689;61.0885;51.10979;350;65.74;278.20256959;829;21;72;1903.06;0;0;0;0;0;0;4;5;0;0;11.9962189179;27.976927677;-0.3673050274;0.3115002037;4.3384303562;7.4482535426;53.02421;17;0.6029901997;-0.4918351095;0.401045579;-0.3023886948;-0.0345302869;25.5112797651;26.1778970297;28.1716556371;25.8257302936;20.0555891345;724.815801093;729.563037991;787.870986848;790.629207293;662.376196289;5;2;1;14;0;6;0.75;3.8618100338;0;0;11.658214464;0;0;0;0;0;0;0;1.5;0;0.1428571429;0;0;0;0;2.12;0.4615384615;13;1;5.0874628413;1.247
1.7;1.84;0;10.8088183836;0;0;8.2869363329;51.9918515596;0;0;0;0;0;0;0;0;0;0;0;0;211.273494233;0;0;880.912;0;0;0;0;8;0;2;-7.9050534926;0;0;0;0;164.88;0;0;22.2370675802;19.6745062728;0;22.9980473331;1.066585911;0;36.0137427049;0;852.688;0;44.0696098961;30.8613802433;10.4362;0;0;0;0;2;0;0;310;0;0;0;-8.2;0;0;0;0;0;0;0;0;0;0;0;0;19.6745062728;9.4737259076;0;22.9980473331;0;0;0;0;0;54.8190208195;0;0;0;208.618360555;0;31.7107934878;9.1341992956;16.8355939687;0;0;0;14;0;2;3678.73117722;361.775370236;0;11.4483537042;0;9.1341992956;0;26.3093198763;38.7029018579;0;6.0233225867;14.170128037;60.6636706846;15.0194255716;45.4997228659;0;86.2720990714;11.1269029834;0;41.911573853;0;19.5819339021;3.6635815948e+14;0;0;2;0;0;0;9.1341992956;0;0;0;109.194607232;0;15.1600703558;19.0594355897;64;0;12;0;0;56.655138622;0;112.749914871;0;0;0;0;12;19.7073676313;44.4500794237;132.454244353;36.3982024108;0;0;25.9697932642;19.1781487363;9.4737259076;0;22.6736941265;0;0;0;0;1;32.9592142139;0;240.968;30.9567064514;0;2;0;27;0;34.5922073757;0;0;92;2.0514;4.20824196;266.1314;122.690204;2580;178.26;880.11853732;18250;136;376;6372.14;0.875;0;0;4;38;8;0;0;0;0;11.9882566204;31.9730775044;-0.3481535717;0.3203463768;5.9328012442;12.1074392195;55.185796;74;1.144631265;-0.5637770567;0.209724935;-0.2580457638;0.2888733473;84.7201570349;94.558566041;139.092361104;164.303780054;161.948136634;5921.49522851;7290.2237771;11049.922914;12573.7218548;12125.5779427;10;0;0;20;64;0;0;0;0;0;0;0;0;0;0;0;2.8396093344;1.8225244841;0.0666666667;0;0;0;0;0;0.1428571429;5.42;0.1052631579;0;1;7.2094533656;9.472
1.1;1.3;1;0.6151493844;0;0;0.6151493844;6.0370142957;0;0;12;0;0;0;0;0;0;0;0;0;0;0;0;332.04;0;0;0;0;0;0;0;0;0;0;0;0;26.3;0;36.2755501687;0;0;0;0;5.7339568044;0;57.4795177562;0;332.04;0;16.7844570504;8.4004824542;3.5176;0;0;0;1;1;0;11;120;0;0;0;-1.21;0;0;0;0;0;0;0;0;0;0;0;0;0;0;52.6849805721;0;0;0;0;0;0;0;0;0;0;0;0;0;36.2755501687;9.5314001379;0;0;0;14;0;0;380.389235933;99.8254537645;0;1.6077902553;0;0;0;62.21638071;18.79;0;2.9313061038;4.6643862563;0;1.6077902553;0;0;0;0;0;36.2755501687;0;30.238535873;4770.49346542;0;0;0;0;0;0;0;0;0;0;4.7368629538;0;3.0577124082;3.0577124082;20;0;2;0;0;143.013829365;0;-28.5971626984;0;0;0;0;2;3.8801592738;0;0;0;0;52.6849805721;0;9.5314001379;0;0;3.8801592738;0;0;0;0;0;8.352070257;0;33.043;0;0;0;0;0;0;8.352070257;0;6;20;3.86;14.8996;34.3607;18.848;214;26.3;331.97066788;716;39;106;19.14;0;0;0;1;0;0;3;2;0;0;11.9975235062;19.0096192363;-0.2619186685;0.4631768715;2.935875;6.5005104925;17.31;19;1.5795795866;-0.4904201578;-0.5927894795;0.2668688776;0.203710952;39.5734677396;26.9776972697;60.4998307202;76.198275071;61.896713273;357.90266525;423.9156925;647.162241984;670.41793125;528.738322219;2;0;0.8333333333;8;1;3;0;0;0;0;0;0;0;0;1.9192597482;4.5087977139;0;0.3333333333;0;0;0;0;0;0;0;0.58;0.4285714286;6;0;5.2479275134;4.101
1.6;1.693;0;13.9932411327;0;0;11.471359082;62.7642999886;0;0;6;0;0;0;0;0;0;0;0;0;312.346550081;0;0;1335.194;0;0;0;0;10;0;2;-8.2151463499;0;0;0;0;243.02;0;12.3525970349;44.4741351604;19.6745062728;0;22.9980473331;0.6269798874;0;81.5343817273;0;1298.906;0;67.6546673759;45.6471110748;12.9946;0;0;0;0;2;0;6;474;0;0;0;-12.16;0;0;0;0;0;0;0;0;0;0;0;0;19.6745062728;9.4737259076;26.342490286;22.9980473331;0;0;0;0;0;76.9662417978;0;0;11.1269029834;276.327445839;0;53.947861068;30.6209956261;16.8355939687;0;0;0;26;0;4;5780.69468216;531.841597401;0;16.2004083227;0;18.2683985912;0;52.6518101623;61.3510342673;0;10.302871577;22.2708702198;24.2654682738;19.77148019;56.8744954153;0;108.41932005;32.3938364159;0;87.6281414515;0;31.934530937;1.3059218815e+25;0;0;4;0;0;0;69.7978699802;0;0;0;121.327341369;0;21.9630599817;25.8624252157;96;0;18;0;0;138.811379576;0;146.070433441;0;0;0;0;18;28.3801666995;12.1327341369;168.852446763;48.5309365477;0;26.342490286;35.1039925598;38.3562974726;9.4737259076;0;31.3464931947;0;0;0;0;4;48.3732235583;0;341.336;96.5481756999;0;0;0;14;0;50.0062167202;0;15;132;4.3296;18.74543616;369.7718;171.974548;8234;253.02;1334.15736344;82186;190;558;11905.26;0.7916666667;0;0;8;48;12;2;0;0;0;11.9973256881;31.9730811846;-0.3108320509;0.4372700854;3.6460609911;12.1070230855;78.941452;109;2.2735994744;-1.2649464518;0.6694505992;-0.6072270675;0.4451142074;129.550258614;135.374736218;212.46700637;231.595764625;221.460691368;7634.85380518;9393.88845479;14222.6970145;15238.2179145;14249.8312289;4;0;0.0285714286;50;88;0;0;0;0;0;0;0;3.8941467488;0;3.7625397689;0.0212765957;4.2853503583;1.9117126502;0.0526315789;0;0;0;0;0;0.3227439613;6.3;0.4897959184;15;2;7.7681843248;13.434
1.6;1.731;0;26.6039627497;0;0;21.5601986482;136.301048406;0;0;6;0;0;0;0;0;0;0;0;0;547.885512588;0;0;2316.226;0;0;0;0;20;0;4;-16.6212403385;0;0;0;0;407.9;0;12.3525970349;66.7112027406;39.3490125457;0;45.9960946663;0.3723519519;0;117.548124432;0;2247.682;0;116.862105474;80.5084913181;25.7372;0;0;0;0;4;0;6;820;0;0;0;-21.4;0;0;0;0;0;0;0;0;0;0;0;0;39.3490125457;18.9474518152;26.342490286;45.9960946663;0;0;0;0;0;153.330159475;0;0;11.1269029834;509.211274668;0;85.6586545558;39.7551949216;33.6711879373;0;0;0;40;0;6;11495.1984874;937.61181894;0;29.6547450911;0;27.4025978867;0;78.9611300386;105.541230487;0;17.5153461879;39.2225419993;60.6636706846;36.7968888257;102.374218281;0;216.236315979;43.5207393993;0;129.539715305;0;51.516464839;3.62443762257e+59;0;0;6;0;0;0;42.533866865;0;0;0;315.45108756;0;39.3791134017;47.1778438695;168;0;30;0;0;200.019678857;0;269.434894814;0;0;0;0;30;50.9208676641;121.217504134;325.57215939;84.9291389585;0;26.342490286;61.0737858241;57.5344462089;18.9474518152;0;56.8535206545;0;0;0;0;0;85.6418388489;0;617.316;84.4150884356;0;6;0;26;0;88.9078251726;0;26;236;7.4698;55.79791204;672.2972;311.411924;24904;431.28;2314.30720092;423458;356;986;40065.4;0;0;0;12;90;24;2;0;0;0;11.9973154202;31.9751061316;-0.3108320509;0.437820162;3.662210184;12.1100265151;138.500076;193;3.4141552869;-1.8474520294;0.7912382148;-0.7428597322;0.6471020376;222.270415649;239.933302259;367.559367473;426.564272411;426.730291552;14741.7990225;18245.2029684;27840.4582189;31865.2358899;30758.5094459;26;0;0.015625;86;160;0;0;0;0;0;0;0;4.293567375;0;3.9119926112;0.0120481928;0;3.9085003986;0.2280408002;0;0;0;0;0;0.5063261162;11.14;0.4941176471;26;3;8.5924570373;25.438
1.1;1.551;0;4.3661668143;0;0;4.3661668143;0;0;0;0;0;0;0;0;0;0;0;0;0;110.277662693;0;0;534.741;0;0;0;0;2;0;0;0;0;0;0;0;65.4;74.2285048693;0;0;0;0;36.9207203711;1.9092056971;0;10.2130547897;0;488.373;0;28.6751513396;18.7254437416;4.8399;0;2;0;0;2;0;0;212;0;0;0;-3.16;0;0;0;0;0;0;0;0;0;0;0;0;0;9.4737259076;0;11.4990236666;0;2;0;0;0;0;0;0;24.9743773828;99.1507597094;0;9.4737259076;84.7031093914;5.4149904694;0;0;0;6;0;2;915.504441139;234.729094903;0;6.5238710083;0;9.7998194617;0;19.6867806973;32.0542079904;52.4823023645;10.8527329134;16.7258248465;0;6.5238710083;11.4990236666;0;18.6287543984;39.2685384355;0;12.2079327755;0;31.4703976443;250187204.432;0;0;0;0;48.5695487012;0;22.62592665;2;0;0;0;0;10.1951967103;10.1951967103;39;0;6;0;0;0;0;85.5833333333;0;0;0;0;6;13.4410768309;44.6835289049;35.3923712572;62.4170231006;26.3157427344;0;0;9.7998194617;19.6867806973;0;13.4410768309;2;0;0;0;0;23.6735361058;0;161.6836;0;0;0;0;2;0;23.6735361058;0;20;85;4.0558;16.44951364;170.9971;94.160478;1436;65.4;534.34575832;6736;56;184;5914.06;0.3333333333;0;0;4;14;2;10;2;0;1;11.9961065703;15.9993112999;-0.4129069209;0.1158125286;5.3370877073;11.6694571795;58.079522;40;0.6804387696;-0.3092857247;-0.2508607316;0.223877456;0.1644509302;42.8178367447;42.9896434619;56.3180113704;61.6455047271;59.7636590112;2546.1273576;2834.33217352;3686.3516134;3842.31876219;3582.17992761;4;2;0.3939393939;25;7;3;1.2305793988;14.3183487652;4.4821332903;1.1447142426;0;21.4167868488;3.7067823361;2.7287381726;1.975901268;0;0.0625;0.6405126152;0.1;0;0;0;0;0;0.0555555556;4.43;0.5;20;2;6.3219280949;5.986
1.1;1.5797;0;19.6335920194;0;0;5.2524383795;51.1293289387;0;0;0;0;0;0;0;0;0;0;0;0;151.659176712;0;0;546.891;0;0;0;0;5;0;0;0;0;0;0;0;18.46;171.300210773;230.659833908;0;0;0;0;1.6927182137;0;0;0;512.619;0;26.478634438;18.44007214;4.7782;0;0;0;0;0;0;0;190;0;0;0;-3.3293506494;0;0;0;0;0;0;0;0;0;0;0;0;0;8.2302941969;0;0;0;0;0;0;0;0;0;0;0;151.659176712;19.641034061;25.9336282284;25.1957007103;8.2302941969;0;0;0;5;0;0;1260.88807106;229.617972598;0;7.3945459067;0;0;0;8.2302941969;26.284639819;0;5.2947594302;11.1905297717;0;20.8990207533;0;0;0;0;0;25.1957007103;0;19.641034061;535307442.661;0;0;0;0;0;0;5.1867256457;0;0;0;20.7469025827;0;10.0464535141;20.5906027218;38;0;2;0;0;15.2254535147;0;58.1912131519;0;0;0;0;2;13.1199145935;0;0;0;0;0;0;0;0;0;20.2529077554;0;0;0;0;0;22.2502533107;0;167.404;0;0;0;0;5;0;25.2502533107;0;9;72;9.2784;86.08870656;172.1604;98.494962;790;18.46;546.18666019;4008;67;204;4370.05;0.9210526316;0;0;0;30;0;0;0;0;0;11.85;27.9789332444;-0.3433464021;0.2097406364;6.6534773589;11.4045025289;84.441038;42;0.3279913137;-0.2106318774;0.0799435288;-0.0423776739;-0.0081814248;52.9526742389;61.1664783976;86.4147799177;101.982050123;107.197631543;2531.50794113;3011.30143423;4345.15821932;4914.2672709;5266.31110486;2;0;0.0909090909;13;6;0;0.6551853486;13.9078136498;4.2404986622;0;0;27.1838359135;0;2.4417967097;0;0;0;0;0.5;0;0;0;0;0;0;4.54;0.5;9;1;6.3923174228;11.657
1.1;1.513;0;1.7390288546;0;0;1.7390288546;0;0;0;0;0;0;0;0;0;0;0;0;0;0;0;0;111.188;0;0;0;0;0;0;0;0;0;0;0;0;3.24;4.8999097309;0;0;0;0;0;1.9218146147;0;0;0;98.084;0;5.3973412255;3.9663264952;1.2446;0;0;0;0;0;0;0;46;0;0;0;-0.04;0;0;0;0;0;0;0;0;0;0;0;0;0;0;0;0;0;0;0;0;0;0;0;0;25.6832864917;0;0;0;24.0312633718;0;0;0;0;1;0;1;78.3876155629;50.6770750774;0;2.4986090886;0;4.8999097309;0;0;4.8030325255;13.0895128118;0.5756305551;1.7283806669;0;2.4986090886;0;0;0;0;0;0;0;31.7251273209;84.4839617386;0;0;0;0;0;0;6.0418408292;0;0;0;38.7727993035;0;2.9742493216;2.9742493216;8;0;1;0;0;0;0;12.3333333333;1;0;0;0;1;3.7071510027;6.0418408292;32.3519776806;6.4208216229;0;0;0;0;4.8999097309;0;3.7071510027;0;0;0;0;1;5.2672045518;0;33.829;0;0;0;0;2;0;5.2672045518;0;0;21;-1.166;1.359556;27.3667;22.088309;62;3.24;111.10479952;58;7;42;428.01;1;0;0;0;0;0;2;5;0;0;11.9;14.0030775573;-0.2998185;0.0564469619;6.6401012646;7.9822615835;16.191691;9;0.0907263959;-0.0492749082;-0.0032270845;0.0063545036;0.0007842912;8.3599803013;9.4985457995;10.4985457995;7.1661819332;2;413.397428234;473.620491047;524.572304969;349.784865016;92.1368486094;1;0;1;5;0;7;0;0;0;0;7.1862365662;3.532775529;0;0;0;0;0;0;0;0;0;0;0;0;0;2.12;0.25;0;0;4.1699250014;1.112
1.1;1.499;2;6.1133860251;0;0;4.5697971029;23.7001791911;0;0;0;0;0;0;0;0;0;0;0;0;0;0;0;682.878;0;1;0;0;0;0;0;1.9027363103;0;0;0;0;179.32;15.950365812;6.0311145123;0;5.9071797294;0;0;1.1714417393;0;9.5890743681;0;624.414;0;32.756809031;22.7027086004;-0.0635;0;0;0;2;9;0;0;270;0;0;0;-1.31;0;0;0;0;0;0;0;0;0;0;0;1;11.7618849494;48.3654340614;4.7945371841;0;0;4;28;0;0;0;0;0;25.6832864917;0;0;21.6840332892;167.03815571;47.4263037683;0;0;0;16;3;0;746.97526413;277.768448577;3;6.8874509102;0;15.950365812;0;52.2208409523;40.8631769204;137.76624178;22.2940446783;29.8003448648;0;8.3960899706;0;0;24.0219759;143.684147826;0;0;0;43.01690618;14970996265.6;0;5.7336674772;0;0;11.7618849494;0;25.0153184755;4;0;0;0;0;10.5176228012;11.7897883282;46;0;13;0;0;0;0;101.763930356;0;0;1;0;15;16.5546466966;30.5131260715;12.8416432459;6.4208216229;0;11.7618849494;4.7945371841;4.7945371841;64.3157998734;0;17.6034014866;0;0;0;0;1;27.386050092;0;173.3925;131.00755702;0;0;0;2;0;28.2025466729;0;35;104;-3.5455;12.57057025;166.4055;107.595994;2917;204.62;682.38228014;15105;49;200;8955.16;0.1739130435;0;0;1;0;0;21;7;0;0;11.9942458204;31.9720734194;-0.3783834518;0.2724721153;4.4742304676;11.5317010535;86.166006;47;2.1038314195;-1.1065834461;-0.7052768354;1.6182212842;-0.9333872512;62.0868336345;58.144683484;67.5027418039;64.1924668663;56.1444115948;2294.86016191;2466.75489783;2929.54832864;2549.75387678;2203.03506867;15;4;0.9333333333;41;4;9;0;0;0;0;0;9.5613906851;0;3.4629637679;0;0;0.1;0.957361382;4.3950415785;0;0.084683364;0;0.5723571213;0;0;3;0.5;35;2;6.5545888517;-2.233
1.2;1.472;0;3.0599784999;0;0;3.0599784999;11.9386105759;0;0;0;0;0;2;0;0;0;0;2;0;0;0;0;690.777;0;0;0;0;0;0;0;0;0;0;0;0;194.59;0;11.9386105759;0;0;0;0;3.0513867795;0;9.5890743681;0;632.313;0;34.146078567;23.1258976577;0.1516;0;0;0;2;13;0;0;280;0;0;0;-1.58;0;0;0;0;0;0;0;0;0;0;0;0;0;71.7922731891;0;0;2;2;38;0;0;0;0;0;12.8416432459;0;0;0;193.930596443;71.1682927675;0;0;0;17;0;0;591.531658043;277.710172033;0;5.384631838;0;0;0;81.3813475572;45.42;171.778931077;44.42;40.5941949157;0;5.384631838;0;0;26.0554071749;158.565167148;0;11.9386105759;0;12.8416432459;10690818633.5;0;0;0;0;0;0;0;2;0;0;0;0;9.2483187505;9.2483187505;47;0;15;0;0;0;0;116.833333333;0;0;0;0;17;16.0681221666;0;0;0;0;0;0;9.5890743681;71.7922731891;0;16.0681221666;0;0;0;0;0;27.8171414212;0;165.1526;184.620574323;0;0;0;0;0;27.8171414212;0;42;105;-2.1117;4.45927689;167.1025;105.107994;3078;194.59;690.36740086;17208;44;186;8654.17;0;0;0;2;0;0;26;2;0;0;11.9961137321;16.0113161532;-0.3787674214;0.2812266042;3.6083214286;6.3361810718;90.230006;46;2.7618889234;-1.3320379403;-1.1021547467;1.8893240329;-0.6693902087;60.1659736042;55.962759314;58.5116973851;55.2861802893;54.0680835933;1697.46839878;1690.42825589;1693.78470412;1626.21144213;1584.21726864;17;2;0.9333333333;45;2;3;0;0;0;0;0;3.5544689981;0;0.0238095238;0;0;0.3820962724;2.8351283656;7.0717389298;0;0;0;0;0;0;2.89;0.5;42;2;6.5235619561;-3.18
1.1;1.469;0;4.2271663899;0;0;4.2271663899;0;0;0;0;0;0;0;0;0;0;0;0;0;0;0;0;897.107;0;0;0;0;0;0;0;0;0;0;0;0;227.41;0;0;0;0;0;0;3.0578687982;0;0;0;812.435;0;43.71930009;30.4142135624;-0.7808;0;0;0;0;19;0;0;368;0;0;0;-0.84;0;0;0;0;0;0;0;0;0;0;0;2;0;101.467731077;0;0;0;2;56;0;0;0;0;0;0;0;0;11.4673349543;264.151027463;90.0003961222;0;0;0;21;0;0;702.339110865;364.809134244;0;7.2205298177;0;0;0;90.0003961222;60.16;264.151027463;59.16;59.16;0;7.2205298177;0;0;0;264.151027463;0;0;0;0;1.32578647899e+13;0;11.4673349543;0;0;0;0;0;2;0;0;0;0;12.2124265474;12.2124265474;61;0;21;0;0;0;0;134.5;0;0;0;0;21;21.7861516955;13.0895128118;0;0;0;0;0;0;101.467731077;0;21.7861516955;0;0;0;0;0;37.1956893047;0;223.6698;251.061514651;0;0;0;0;0;37.1956893047;0;58;145;-3.9637;15.71091769;227.6951;143.848612;5400;227.41;896.56682914;37820;58;238;17076.21;0;0;0;0;0;0;40;0;0;0;11.9932014228;16.013125701;-0.3780165924;0.1102978499;4.5312465138;6.3274324214;126.913388;60;3.5267130071;-1.7434108887;-1.7535619831;3.41373183;-1.6572547883;76.4348722778;72.9518589974;71.9518589974;73.0473658339;69.2876750431;2288.12588625;2264.48197426;2230.49656516;2195.69325639;2158.67670488;21;2;1;61;0;2;0;0;0;0;0;0;0;0;0;0;0;0;0;0.0166666667;0;0;0;0;0;3.55;0.5;58;2;6.9068905956;-4.952
1.1;1.461;0;2.602931996;0;0;2.602931996;5.969305288;0;0;0;0;0;1;0;0;0;0;1;0;0;0;0;588.688;0;0;0;0;0;0;0;0;0;0;0;0;148.06;0;5.969305288;0;0;0;0;3.0268883558;0;4.7945371841;0;536.272;0;29.0331943919;19.77005561;0.2901;0;0;0;1;12;0;0;240;0;0;0;-1.01;0;0;0;0;0;0;0;0;0;0;0;0;0;61.9488828404;0;0;1;1;33;1;0;0;0;0;6.4208216229;0;0;0;170.143915408;61.6368926297;0;0;0;14;0;0;486.317385728;238.181102494;0;4.6121448366;0;0;0;66.7434200245;38.99;159.068082725;36.99;36.0163227165;7.1097975413;4.6121448366;0;0;13.0277035874;145.351403219;0;5.969305288;0;6.4208216229;416730413.923;0;0;0;0;0;0;0;1;0;0;0;0;7.8726346157;7.8726346157;40;0;13;0;0;0;0;94.6666666667;0;0;0;0;14;13.8290607197;7.1097975413;0;0;0;0;0;4.7945371841;61.9488828404;0;13.8290607197;0;0;0;0;0;24.22500412;0;143.1378;158.379106807;0;0;0;0;0;24.22500412;0;36;92;-1.6851;2.83956201;145.275;91.661236;2241;148.06;588.33570676;10623;37;156;6721.14;0;0;0;1;0;0;23;1;0;0;11.9961256439;16.0083361287;-0.3822153337;0.2810960377;3.6093029007;6.3322864634;80.796764;39;2.3840036938;-1.1827464534;-0.9918155208;1.8565340457;-0.8058289861;50.8425664976;47.6343914054;48.0767684639;46.5154353223;44.854961568;1437.89254994;1424.47277503;1412.58821625;1362.03825791;1322.43710304;14;1;0.9615384615;39;2;3;0;1.5862426507;0.027027027;0;0;1.7715236097;0;0;0;0;0.5;1.3963675244;6.3927429258;0;0;0;0;0;0;2.78;0.5;36;2;6.2854022189;-2.53
1.3;1.53;6;7.2311389678;0;0;5.5082966118;57.1551254461;0;0;0;0;0;0;0;0;0;0;0;0;0;0;0;1109.27;0;0;0;0;0;0;0;3.4957062687;0;4;0;0;275.04;0;11.9386105759;23.6287189174;0;0;0;1.1107946888;0;28.7672231044;0;1028.63;0;53.0452090247;36.3799178531;0.628;0;0;0;6;16;0;0;430;0;0;0;-2.72;0;0;0;0;0;0;0;0;0;0;0;0;21.5877959528;85.4649844283;0;0;0;0;51;0;0;0;0;0;38.5249297376;0;0;0;268.619695021;114.232207533;0;0;0;28;0;2;1294.55136882;441.236857076;4;9.2122510786;0;10.1264354499;0;114.232207533;67.3899150478;222.925930078;41.4448197265;51.0599189348;21.5877959528;11.5455844119;0;0;64.9524575956;195.119130456;0;35.5673294933;0;38.5249297376;8.34644619492e+15;0;0;0;0;0;0;11.5057072135;0;0;0;0;0;15.032209986;17.7343246501;74;0;26;0;0;0;0;179.170960398;0;0;0;0;26;24.995510311;37.1889937052;0;21.5877959528;10.1264354499;0;9.5890743681;19.1781487363;85.4649844283;2;27.4835441827;0;0;0;0;0;42.7931539905;0;261.612;224.26186611;0;0;0;2;0;44.4261471524;0;59;154;-2.38;5.6644;266.352;161.55144;7440;325.64;1108.45424408;64997;81;318;18623.28;0.9189189189;0;0;6;0;0;34;6;0;0;11.9882679037;31.9730788659;-0.3787664665;0.3099269555;4.3684464544;10.4167570859;131.29256;75;3.9431028982;-1.815921825;-1.4502129074;2.3878706305;-0.9392529342;105.562723532;99.5226534597;110.05106387;110.809754601;101.386858569;3284.69674604;3406.01415858;3739.51463657;3476.24547445;3253.65957106;22;0;0.8695652174;64;8;4;0;0;0;0;0;0;0;0.8838162686;0;0;0.6892367968;4.5955847569;0;0;0;0;0;0;0.0169491525;3.44;0.4920634921;59;2;7.2288186905;-4.462
1.1;1.477;0;1.9945826564;0;1;1.8654832115;18.598094436;0;0;0;0;0;1;0;0;0;0;1;0;0;0;0;458.57;0;0;0;0;0;0;0;4.0461762694;0;0;0;0;111.14;12.628789148;5.969305288;0;0;0;0;2.9946677725;0;4.7945371841;0;420.266;0;21.96212658;14.77005561;0.5237;0;0;0;1;8;0;0;180;0;0;0;-0.5;0;0;0;0;0;0;0;0;0;0;0;0;12.628789148;43.0014310252;0;0;1;1;23;0;0;0;0;0;6.4208216229;0;0;0;122.538797722;42.6894408145;0;0;0;11;0;0;349.276814164;184.327393439;0;3.2999490471;0;0;0;47.7959682093;29.5;111.462965039;27.5;26.5350877193;0;3.482523233;0;0;13.0277035874;99.1032294677;0;5.969305288;0;6.4208216229;3141733.76745;0;0;0;0;0;0;5.7528536068;2;0;0;0;0;5.7663248265;6.213538422;30;0;10;0;0;0;0;68.8427126195;0;0;0;0;10;10.2163142531;5.7528536068;0;0;0;12.628789148;0;4.7945371841;43.0014310252;0;10.8487697851;0;0;0;0;0;17.7965838665;0;112.6578;112.130933055;0;0;0;0;0;18.6910110575;0;26;68;-0.7296;0.53231616;113.5203;69.698134;1231;149.94;458.21856872;4468;27;116;3619.11;0;0;0;1;0;0;17;1;0;0;11.9961570992;31.9720725803;-0.3786653917;0.2810308244;3.609308655;7.6838059116;60.107866;29;1.6658795156;-0.8041252663;-0.6786253096;1.1698132327;-0.4307838561;43.8724433939;36.6474407929;37.4219098285;35.9739586318;33.8680109555;1138.07653528;1113.43893833;1085.7483432;1027.8970309;986.297726651;10;1;0.9473684211;29;2;3;0;0;0;0;21.3165713375;1.75832318;0;0;0;0;0.5;1.2766674201;3.7468612099;0;0;0;0;0;0;2.34;0.5;26;1;5.8579809951;-1.098
1.1;1.46;0;1.5375361524;0;1;1.4084367076;12.628789148;0;0;0;0;0;0;0;0;0;0;0;0;0;0;0;356.481;0;0;0;0;0;0;0;4.0435862805;0;0;0;0;64.61;12.628789148;0;0;0;0;0;2.9219621944;0;0;0;324.225;0;16.8492424049;11.4142135624;0.6622;0;0;0;0;7;0;0;140;0;0;0;0.07;0;0;0;0;0;0;0;0;0;0;0;0;12.628789148;33.1580406766;0;0;0;0;18;1;0;0;0;0;0;0;0;0;98.7521166867;33.1580406766;0;0;0;8;0;0;190.264413357;144.798323899;0;2.5274620457;0;0;0;33.1580406766;23.07;98.7521166867;22.07;22.07;7.1097975413;2.7100362316;0;0;0;85.8894655387;0;0;0;0;119072.772358;0;0;0;0;0;0;5.7528536068;1;0;0;0;0;4.3906406918;4.8378542873;23;0;8;0;0;0;0;46.6786359418;0;0;0;0;7;7.9772528062;12.862651148;0;0;0;12.628789148;0;0;33.1580406766;0;8.6097083383;0;0;0;0;0;14.2044465654;0;90.643;85.8894655387;0;0;0;0;0;15.0988737564;0;20;55;-0.303;0.091809;91.6928;56.251376;726;103.41;356.18687462;2024;20;86;2410.08;0;0;0;0;0;0;14;0;0;0;11.9984429814;31.9726779805;-0.3820834101;0.0837314327;4.2275604935;7.692274002;50.674624;22;1.2859393837;-0.6539032813;-0.5671712691;1.1351565831;-0.5664893593;34.5490362872;28.3190728844;26.9869809073;27.2032136649;24.6548889301;878.500623898;847.483381475;804.551732926;763.723624941;724.51714571;7;0;1;23;0;2;0;1.4794547363;0;0;15.7748811711;0;0;0;0;0;0;0;3.1110860898;0;0;0;0;0;0;2.23;0.5;20;1;5.4594316186;-0.448
1.1;1.462;1;3.1336965302;0;0;3.1336965302;5.969305288;0;0;0;0;0;0;0;0;0;0;0;0;0;0;0;674.822;0;0;0;0;0;0;0;0;0;0;0;0;157.29;0;5.969305288;0;0;0;5.601050811;3.0876019512;0;4.7945371841;0;612.326;0;33.6545147355;22.4545070219;0.9097;0;1;0;1;13;0;0;276;0;0;0;-1.05;0;0;0;0;0;0;0;0;0;0;0;0;0;66.6857457942;0;0;0;1;35;0;0;0;0;0;27.192033222;0;0;0;181.848932607;66.3737555835;0;0;0;15;0;0;606.978015299;275.119358296;0;5.1982632607;0;0;0;71.4802829783;44.95;165.172049113;40.9732828871;36.7801945854;0;5.1982632607;0;0;18.9970088754;158.565167148;0;5.601050811;0;32.793084033;5271221863.42;0;0;0;0;20.7712115991;1;0;1;0;0;0;0;10.4085190023;10.4085190023;46;0;15;0;0;0;0;106.416666667;0;0;0;0;15;16.2103568226;0;20.7712115991;0;0;0;0;4.7945371841;66.6857457942;0;16.2103568226;1;0;0;0;0;28.5474659728;0;167.3758;171.592870736;0;0;0;0;0;28.5474659728;0;40;108;-1.0422;1.08618084;170.1402;107.931166;2891;157.29;674.40887178;15893;44;186;9379.15;0;0;0;1;0;0;28;1;1;0;11.9961112016;16.0093397722;-0.4184607277;0.2644311609;3.7196547125;8.136810047;93.644834;45;2.5469579174;-1.2508187843;-1.0836660978;1.9678093312;-0.754464568;57.6170355331;54.2985753597;58.7372283495;54.621996335;55.1833294765;1765.73906521;1772.57726412;1854.64471831;1705.44384273;1705.40141723;15;1;0.9677419355;43;3;3;1.5;4.1129238435;1;3;0;1.7745946866;1.4722932578;0;0.5;0;0.025;1.6504829379;6.9852720002;0;0;0;0;0;0;3.22;0.5;40;2;6.4918530963;-1.618
1.1;1.465;1;2.0443140162;0;0;2.0443140162;6.0932400709;0;0;0;0;0;0;0;0;0;0;0;0;0;0;0;468.588;0;0;0;0;0;0;0;0;0;0;0;0;128.96;5.316788604;6.0932400709;0;0;0;5.601050811;3.1002849807;0;4.7945371841;0;424.236;0;23.7550197989;15.4545070219;0.586;0;0;0;1;8;0;0;192;0;0;0;-1.05;0;0;0;0;0;0;0;0;0;0;0;1;0;43.6285711076;4.7945371841;0;0;2;21;0;0;0;0;0;20.7712115991;0;0;11.0504560812;117.280151197;37.8949036304;0;0;0;11;1;0;409.221783161;191.997730132;1;3.4088606331;0;5.316788604;0;42.6894408145;30.95;105.585860315;26.9845423143;23.11974954;0;3.4088606331;0;0;0;105.585860315;0;11.6942908819;0;26.3722624101;5657968.62793;0;5.7336674772;0;0;20.7712115991;0;0;2;0;0;0;0;7.5039508666;7.5039508666;32;0;10;0;0;0;0;74.4166666667;0;0;0;1;11;11.1656260011;13.0895128118;20.7712115991;0;0;0;4.7945371841;0;48.9453597116;0;11.1656260011;0;0;0;0;0;20.0652933823;0;119.0241;92.4963475032;0;0;0;0;0;20.0652933823;0;26;76;-0.6934;0.48080356;119.2443;75.716892;1337;128.96;468.30468134;5246;30;130;4633.11;0;0;0;0;0;0;19;0;1;0;11.993284153;16.0029714307;-0.3780050838;0.3379754865;4.36770259;8.1230351696;64.387108;31;1.6260866979;-0.9101139208;-0.4577515679;1.2095274548;-0.7989147325;39.6901819224;37.1441094108;41.8593197073;36.916195272;37.8085652543;1253.26186372;1257.30252477;1335.78526756;1186.81852535;1187.03002785;11;2;0.9523809524;29;4;3;1.5;3.361904478;1;3;18.5320628369;1.5091267987;1.220362428;0;0.5;0;0;0.8037348585;3.5546129231;0;0.0416666667;0;0;0;0;2.56;0.5;26;2;5.9541963104;-0.925
1.1;1.467;1;2.9239668274;0;0;2.9239668274;6.0932400709;0;0;0;0;0;0;0;0;0;0;0;0;0;0;0;644.8;0;0;0;0;0;0;0;0;0;0;0;0;165.88;5.316788604;6.0932400709;0;0;0;5.601050811;3.0878940923;0;4.7945371841;0;584.32;0;32.2403011731;21.4545070219;0.6524;0;0;0;1;12;0;0;264;0;0;0;-1.21;0;0;0;0;0;0;0;0;0;0;0;1;0;62.5760229228;4.7945371841;0;0;2;33;0;0;0;0;0;20.7712115991;0;0;11.0504560812;170.135206913;56.8423554456;0;0;0;15;1;0;585.959615744;263.371447966;1;4.8968945048;0;5.316788604;0;61.6368926297;42.79;158.440916031;38.8145158127;34.6591299892;0;4.8968945048;0;0;0;158.440916031;0;11.6942908819;0;26.3722624101;1990305675.01;0;5.7336674772;0;0;20.7712115991;0;0;2;0;0;0;0;9.9534406094;9.9534406094;44;0;14;0;0;0;0;100.416666667;0;0;0;1;15;15.4750270778;13.0895128118;20.7712115991;0;0;0;4.7945371841;0;67.8928115268;0;15.4750270778;0;0;0;0;0;27.3551407937;0;162.3001;145.351403219;0;0;0;0;0;27.3551407937;0;38;104;-1.217;1.481089;163.4183;103.67358;2633;165.88;644.40954046;13884;42;178;8717.15;0;0;0;0;0;0;27;0;1;0;11.9932381622;16.0070229115;-0.3780053575;0.3380197089;4.3676963323;8.1230417063;89.54242;43;2.3552276358;-1.2746843898;-0.8223220369;1.9386683927;-1.1634852015;54.7880580646;51.8008452279;56.5160555243;52.0140714141;52.4653010713;1714.94132931;1718.68043406;1797.16318178;1648.49800697;1648.40797083;15;2;0.9655172414;41;4;3;1.5;3.7826413983;1;3;0;1.5862426507;1.3481052691;0;0.5;0;0;0.8317267642;6.2254936741;0;0.0277777778;0;0;0;0;3;0.5;38;2;6.4262647547;-1.685
1.1;1.466;1;2.4841404218;0;0;2.4841404218;6.0932400709;0;0;0;0;0;0;0;0;0;0;0;0;0;0;0;556.694;0;0;0;0;0;0;0;0;0;0;0;0;147.42;5.316788604;6.0932400709;0;0;0;5.601050811;3.0909598623;0;4.7945371841;0;504.278;0;27.997660486;18.4545070219;0.6192;0;0;0;1;10;0;0;228;0;0;0;-1.13;0;0;0;0;0;0;0;0;0;0;0;1;0;53.1022970152;4.7945371841;0;0;2;27;0;0;0;0;0;20.7712115991;0;0;11.0504560812;143.707679055;47.368629538;0;0;0;13;1;0;496.420086862;227.684589049;1;4.152877569;0;5.316788604;0;52.1631667221;36.87;132.013388173;32.8986779467;28.8673016332;0;4.152877569;0;0;0;132.013388173;0;11.6942908819;0;26.3722624101;106631063.09;0;5.7336674772;0;0;20.7712115991;0;0;2;0;0;0;0;8.728695738;8.728695738;38;0;12;0;0;0;0;87.4166666667;0;0;0;1;13;13.3203265395;13.0895128118;20.7712115991;0;0;0;4.7945371841;0;58.4190856192;0;13.3203265395;0;0;0;0;0;23.710217088;0;140.6621;118.923875361;0;0;0;0;0;23.710217088;0;32;90;-0.9552;0.91240704;141.3313;89.695236;1931;147.42;556.3571109;8881;36;154;6515.13;0;0;0;0;0;0;23;0;1;0;11.9932581203;16.0049951478;-0.3780052209;0.3379971623;4.3676994587;8.1230384313;76.964764;37;1.9906571669;-1.0923991553;-0.6400368024;1.5740979237;-0.981199967;47.2391199935;44.4724773193;49.1876876158;44.465133343;45.1369331628;1484.10159925;1487.99148291;1566.47423054;1417.65827661;1417.71901905;13;2;0.96;35;4;3;1.5;3.5997090313;1;3;0;1.5538953831;1.2930689614;0;0.5;0;0;0.8201270179;4.8738337135;0;0.0333333333;0;0;0;0;2.78;0.5;32;2;6.2094533656;-1.305
1.1;1.4665;1;2.336239596;0;0;2.336239596;11.8764850173;0;0;0;0;0;1;0;0;0;0;1;0;10.442840646;0;0;554.594;0;0;0;0;0;0;0;0;0;0;0;0;198.23;20.0796133307;5.969305288;0;5.9071797294;0;13.213763929;3.0978459372;0;9.5890743681;0;512.258;0;27.7821175363;18.6639024601;-0.3531;0;0;0;2;9;0;0;222;0;0;0;-2.11;0;0;0;0;0;0;0;0;0;0;0;0;0;48.532560024;0;0;1;2;25;0;0;10.442840646;0;0;0;5.1142501256;0;5.316788604;148.996400585;52.2208409523;0;0;0;16;1;3;596.67981887;222.22580465;1;4.030191694;0;5.316788604;0;57.3273683472;35.89;132.013388173;31.9195072293;31.1097979477;0;4.030191694;0;0;6.6068819645;118.799624244;0;18.4833669818;0;0;139616859.701;0;5.1142501256;0;0;0;0;0;2;0;0;0;0;7.0899412122;7.0899412122;38;1;12;0;0;0;0;99.3333333333;0;0;0;0;16;12.3548954487;18.0012244591;5.5311289988;5.1142501256;0;0;4.7945371841;4.7945371841;53.055082583;0;12.3548954487;0;0;0;0;0;21.9217212008;0;132.0295;105.710111432;0;0;0;0;0;21.9217212008;0;32;80;-5.147;26.491609;127.9895;80.749306;1968;161.83;554.27992312;8924;36;150;4835.16;0;0;0;2;0;0;20;0;0;0;11.9961413976;16.0063920116;-0.3778895362;0.3042390185;3.3942632036;6.9801331478;66.394694;37;2.1130300905;-1.009120407;-0.9985915089;1.881742371;-0.9047142361;48.7335496316;45.1924379219;47.3265701864;46.0695309901;42.8600288724;1359.91681148;1360.39900946;1378.63438033;1327.85182206;1288.71384511;15;2;0.9090909091;36;3;2;0;0;0;0;0;3.5279425743;0;0.25;0;0;0.7211247852;1.9726398913;4.1348166043;0;0.7750182397;0;0.329316878;0;0;2.12;0.4857142857;32;2;6.2094533656;-2.818
1.5;1.709;6;13.8171559643;0;0;9.20923315;88.6366490881;0;0;0;0;0;3;0;0;0;0;3;0;107.685860502;0;0;1048.236;0;0;0;0;3;0;0;3.3140839576;0;0;0;0;327.79;37.217520228;17.9079158639;0;35.4430783761;0;59.7504402753;1.1949787307;0;58.4704168412;0;990.78;0;52.6114262594;33.8219497557;-0.1819;0;0;0;9;0;0;0;384;0;0;0;-6.18;0;0;0;0;0;0;0;0;0;0;0;1;35.2856548482;5.7336674772;0;0;3;11;0;0;0;0;0;0;58.2327776732;90.9955060269;0;42.9511877052;158.309739416;43.1508346566;0;0;0;24;7;1;2613.99553981;426.625020235;6;12.9507823592;0;42.1174299589;0;58.4704168412;53.6148542572;0;11.072222158;21.1146385107;120.405195088;17.5330564117;0;0;11.1269029834;5.5634514917;0;138.090247501;0;126.281676459;2.08424862834e+15;0;5.7336674772;0;0;0;0;23.5237698988;11;0;0;28.7945288172;0;19.3094842535;24.671907171;72;0;15;1;0;0;0;188.435916042;0;0;3;0;21;22.8110088656;14.2410673597;58.2327776732;90.9955060269;35.2856548482;0;4.7945371841;48.9898746806;52.5371024126;0;25.4499672994;0;0;0;0;1;39.8536414049;0;268.0237;10.7477456259;0;0;0;7;0;42.3031311477;0;23;129;0.0413;0.00170569;270.4583;150.711201;2855;403.69;1047.32888172;25171;125;392;13113.24;0.6944444444;0;0;9;15;3;9;9;3;0;11.89;31.974082006;-0.3312693435;0.2810252315;4.7359483286;13.0345544766;83.714799;78;2.0331620648;-0.898147617;-0.401233662;0.8300433306;-0.7039594523;102.916710253;94.9950897502;156.327798945;160.015570934;187.336158029;6108.88504343;7402.79349783;10724.7606379;11093.8953221;11247.4747375;21;11;0.4375;25;6;4;1.4377243958;7.1808444639;16.3620918145;2.9923962641;14.3591470097;0;3.9177477568;0;9.6206917385;0.2183951162;6.3534495752;0;0;0;0.8748589472;0.0555555556;3.6632125435;0.7805432426;0;4.1;0.5;23;3;7.2854022189;-0.368
1.1;1.5735;0;2.8091973765;0;0;2.8091973765;0;0;0;0;0;0;0;0;0;0;0;0;0;59.6578395311;0;0;340.419;0;0;0;0;2;0;0;0;0;0;0;0;43.52;38.1129426732;0;0;0;0;36.9207203711;1.4124141275;0;0;0;316.227;0;17.2778101141;12.1093229166;3.5677;0;0;0;0;4;0;0;132;0;0;0;-2.04;0;0;0;0;0;0;0;0;0;0;0;0;0;18.9474518152;0;11.4990236666;0;0;0;0;0;0;0;0;24.9743773828;48.5309365477;0;9.4737259076;38.6354606335;14.888716377;0;0;0;4;0;0;636.180837785;148.215494966;0;4.6876478599;0;0;0;18.9474518152;16.4296071472;26.4275278581;4.1418404925;6.6951835052;0;4.6876478599;11.4990236666;0;17.6229232449;13.213763929;0;0;0;31.4703976443;1360885.74424;0;0;0;0;24.2654682738;0;24.7127875956;0;0;0;11.1269029834;0;7.2064468604;7.2064468604;25;0;4;0;0;0;0;50.5833333333;0;0;0;0;4;8.8100809216;5.4149904694;35.3923712572;38.1129426732;0;0;0;0;18.9474518152;0;8.8100809216;0;2;0;0;0;14.7349229785;0;95.482;13.213763929;0;0;0;4;0;14.7349229785;0;8;49;1.7654;3.11663716;103.8725;56.171032;670;43.52;340.16745944;1766;36;136;2104.04;0.92;0;0;0;10;2;6;2;0;1;11.9966481365;15.998976531;-0.3902574167;0.1258886252;4.7327377744;11.6370386314;33.900968;28;0.6668429678;-0.290991946;-0.1766638781;0.1666927618;0.0018645811;28.0978761422;30.6567358171;36.6567358171;39.5414899339;33.3283679085;1550.00014324;1816.54556672;2382.15157853;2450.34856695;2091.51123325;2;0;0.4285714286;17;7;3;0.5;5.255258316;2.7849533002;2;13.6253574632;17.9298152987;3.4641016151;2.7287381726;1.975901268;0;0;0;0.7593518423;0;0;0;0;0;0;3.33;0.5;8;0;5.8073549221;4.438
1.3;1.549;8;3.7705741314;0;0;3.7705741314;59.377084419;0;0;0;0;0;0;0;0;0;0;0;0;99.6922874397;0;0;770.741;0;0;0;0;1;0;0;0;2;0;0;0;234.46;50.1071913096;48.0023118696;0;0;0;63.6850366549;3.2020756673;0;38.3562974726;0;728.405;0;41.4427360531;26.0820159581;3.44002;0;0;0;8;8;0;0;296;1;0;0;-6.98;0;0;0;0;0;0;0;0;0;0;0;0;0;37.8949036304;20.9638469175;0;0;2;0;0;0;0;0;17.7537181385;5.5634514917;94.128835948;0;10.633577208;100.857367586;66.6621267348;0;0;0;18;2;0;1543.907989;315.907253476;2;6.8632836763;0;0;0;76.251201103;46.0408246564;63.4886329241;17.3938389494;23.5549357049;6.9237371997;6.8632836763;0;0;11.3747725494;5.5634514917;0;111.687348524;0;6.9237371997;250458004278;0;10.8299809388;0;0;0;6;36.456120641;2;0;0;18.1991012054;0;11.302975006;11.302975006;55;0;16;0;0;0;0;159.833333333;0;0;0;0;18;15.8233889473;47.8308931904;24.6199228283;45.5399811701;0;0;38.3562974726;10.633577208;37.8949036304;0;15.8233889473;0;0;0;0;0;30.1276200067;0;192.9224;0;0;0;0;1;0;30.1276200067;0;34;97;3.1996;10.23744016;192.6002;108.157306;1937;234.46;770.2534336;14806;78;254;6439.18;0.1090909091;0;0;12;11;1;9;0;0;2;11.79;16.0100802836;-0.312429522;0.3433012535;4.3631036034;11.1437287166;70.226694;55;2.295266549;-1.5674943333;0.9796481069;-1.224932819;2.0944164455;68.1114651712;63.6349351839;87.716165948;95.1036884346;92.6318080946;2946.317761;3277.60209754;4271.84829489;4589.07709572;4666.51877281;18;2;0.2972972973;23;14;3;1.3908480213;12.3717439928;7.9767826482;1.5513503407;16.9975540804;26.4446695447;6.4561129328;7.0544794967;3.5045534148;0.0833333333;2.3124863292;7.7064578307;3.4561088885;0;0;0;0.25;0;0;3.55;0.5;34;2;6.7813597135;3.444
1.2;1.614;1;1.1562825719;0;0;1.1562825719;5.7832449464;0;0;0;0;0;0;0;2;0;0;0;0;72.6163695302;0;0;214.22;0;0;0;0;0;0;0;0;0;0;0;0;43.35;0;0;0;0;5.7832449464;11.5204948377;1.9418819269;0;4.7945371841;0;204.14;0;11.2173321818;7.8433365929;2.9505;0;0;0;1;0;0;0;80;0;0;0;-2.29;0;0;0;0;0;0;0;0;0;0;0;0;0;8.8343018741;0;0;0;0;0;0;0;0;0;0;11.5204948377;69.9301765666;0;0;5.7832449464;4.7945371841;0;0;0;3;0;0;441.034803344;92.6841824614;0;1.9100984468;0;0;0;13.6288390582;10.235362076;0;2.8498118619;4.9786519412;48.9438344788;1.9100984468;0;0;5.7832449464;11.5204948377;0;0;1;0;8728.45025105;0;0;0;0;0;0;0;0;0;0;12.1520402137;0;3.099874748;3.099874748;16;0;3;0;2;10.1052754157;0;28.8947245843;0;0;0;0;3;4.8158277641;0;48.5695487012;0;0;0;0;4.7945371841;8.8343018741;0;4.8158277641;0;0;0;0;0;8.4982475633;0;58.907;12.5263259913;0;0;0;2;0;8.4982475633;0;4;26;0.0858;0.00736164;67.4844;31.95393;273;35.53;214.06299426;533;14;76;489.03;0.9375;0;0;2;11;0;0;0;0;0;11.9937326817;16.0009704151;-0.3679261091;0.1786325602;4.9336164594;8.0253261702;15.72207;17;0.3658886483;-0.1521931417;-0.0168183717;0.009092221;-0.1430851595;18.3234071066;18.6604598857;23.6567358171;15.3283679085;14.3283679085;782.896079284;855.860878576;1036.48514997;729.578521557;668.602633855;1;0;0;11;16;5;0;0;0;0;11.5965780273;10.0005999619;0;0.793700526;0;0;0;0.4;0.125;0;0;0;0;0;0;2.56;0.5;4;0;5.0874628413;1.52
1.1;1.433;0;0.4470869975;0;0;0.4470869975;0;0;0;0;0;0;0;0;0;0;0;0;0;12.6549557904;0;0;114.144;0;0;0;0;0;0;0;0;0;0;0;0;21.76;6.5789356836;0;0;0;0;6.1039663878;1.803593801;0;0;0;104.064;0;5.8199909563;3.9318516526;0.5878;0;0;0;0;2;0;0;46;0;0;0;-0.34;0;0;0;0;0;0;0;0;0;0;0;0;0;9.4737259076;0;0;0;0;1;0;0;0;0;0;0;12.6549557904;0;0;25.9246122813;9.4737259076;0;0;0;2;0;0;76.5977206057;49.0956178731;0;0.8713732078;0;0;0;9.4737259076;5.7905483029;19.8206458935;2.0947428914;2.8449281825;6.0760201068;0.8713732078;0;0;0;12.7108483523;0;0;0;6.1039663878;145.436783622;0;0;0;0;0;0;13.213763929;0;0;0;0;0;1.7814744144;1.7814744144;8;0;2;0;0;0;0;17.8333333333;0;0;0;0;2;2.734720826;0;0;6.0760201068;6.5789356836;0;0;0;9.4737259076;0;2.734720826;0;1;0;0;0;4.7996242441;0;30.756;19.8206458935;0;0;0;1;0;4.7996242441;0;4;18;0.3837;0.14722569;30.9199;18.83193;77;21.76;114.06807964;78;5;34;268.02;0.375;0;0;1;1;0;3;1;0;0;11.9968352717;15.9977845241;-0.3902610753;0.1250342556;4.5909803839;6.2482747112;14.76407;8;0.3609534188;-0.1785084474;-0.0636957579;0.0914844802;-0.0287741502;9.5489380711;9.3283679085;6.9962759314;6.4386529898;4.3320919771;254.081564207;257.795205352;199.315333078;160.443863906;125.976774437;2;0;0.6666666667;7;2;3;0;1.5196713713;0.2;0;2.4068519497;2.1491398637;0;0;0;0;0;0;0.3333333333;0;0;0;0;0;0;1.9;0.5;4;0;4;0.272
2.2;2.017;0;0.9024859166;0;0;0.9024859166;16.9817407162;0;0;0;0;0;0;0;0;0;1;0;0;21.718665901;0;0;165.112;0;0;2;0;0;0;0;0;0;0;0;0;103.86;25.1127960116;5.6897433982;0;5.8178627778;5.6471772208;5.5167007176;2.9780686085;0;9.7016024281;0;162.088;0;8.5520417639;5.8088617503;-0.9197;0;0;0;0;0;0;0;60;0;0;0;-2.05;0;0;0;0;0;0;0;0;0;0;0;0;0;0;5.8178627778;0;0;2;0;0;0;11.1638779384;0;4.907065244;0;16.2987391867;0;5.6897433982;19.9359140838;0;0;0;0;7;2;3;483.789390841;64.8374260994;0;1.3802004316;1;19.9359140838;0;0;6.6472331686;0;0.7970171907;2.2234937746;0;1.3802004316;0;0;11.4650399986;5.5167007176;0;5.6897433982;0;0;931.147588738;0;5.1768819279;4;2;0;0;0;2;0;0;6.3273200748;0;2.0829931088;2.0829931088;12;0;5;0;0;0;0;36.6666666667;0;0;0;0;7;3.0779995464;0;5.1768819279;0;4.907065244;4.983978521;9.778515705;4.983978521;4.983978521;0;3.0779995464;0;0;0;0;1;5.7354876366;0;40.829;6.3273200748;0;0;0;2;0;5.7354876366;0;1;15;-1.9126;3.65803876;32.4222;17.904379;111;95.28;165.02867436;179;16;62;124.07;0.75;0;0;2;1;0;0;0;0;0;11.999;16.0168733787;-0.2990320246;0.3270755677;3.5890911758;8.632008535;9.155621;13;0.4228163696;-0.2950435164;0.2253940318;-0.1871606459;-0.0142074104;15.3488395775;15.3811909728;21.8760279755;19.7929519646;17.235147426;539.354930974;635.498874396;881.432560988;704.890936002;456.173980434;2;2;0;6;12;0;0;0;0;0;0;1.5196713713;0;3.532775529;0;0;0.2;0;0;0;0;0;3.5961154666;0;0;1.24;0.4;1;0;4.7004397181;1.066
1.4;1.478;1;0.7261199616;0;0;0.4137494469;13.7920024111;0;0;0;0;0;0;0;0;0;0;0;0;12.1520402137;0;0;210.122;0;0;0;0;0;1;0;0;0;0;0;0;93.06;15.8395457991;13.7920024111;0;0;0;6.6068819645;3.5312469367;0;9.359585469;0;199.034;0;10.4831276631;5.827185822;0.215;0;0;0;1;1;0;0;76;0;0;0;-0.68;0;0;0;0;0;0;0;0;0;0;0;0;7.8226971231;9.7868232055;0;0;0;2;1;0;0;0;0;0;6.9237371997;12.1520402137;0;0;28.9698924225;18.6201955845;1;0;0;7;0;0;241.509031671;75.4010493056;0;0.9244132417;0;0;0;28.40701879;12.32;13.213763929;7.6733568905;5.1367483588;0;1.4433367905;0;0;18.7868684591;0;0;13.7920024111;0;6.9237371997;396.193583685;0;0;0;0;0;1;0;2;0;0;6.9237371997;0;2.2400498178;3.479402609;13;0;4;0;0;14.1432246788;0;30.9956642101;0;0;0;0;6;3.3543003219;5.5731045301;6.9237371997;6.5789356836;0;0;9.359585469;4.5237471617;14.5236861593;0;4.8845970653;0;0;0;0;0;7.0959542919;0;43.7691;6.6068819645;0;0;0;0;0;7.9903814829;0;6;24;0.6899;0.47596201;43.0092;26.336723;154;102.87;210.02932479;302;12;56;373.07;0;0;0;2;0;1;3;0;0;0;11.999;30.9745700522;-0.3152255237;0.4647184445;2.3336598397;7.3471165623;25.253277;12;0.7125679475;-0.5735776307;0.2839682348;0.0837478991;-0.3419232079;23.2972280135;23.0693741961;24.3284907801;17.0100444754;13.0957114575;351.31479447;356.408742408;399.190439196;328.963757021;240.412402149;6;2;0.5;9;5;3;0.5;0.894427191;2.8284271248;0;1;1.3731780959;0;1;0;0;1.6035674515;2.5298221281;0.3333333333;0;0;0;0;0;0;1.35;0.5;6;0;4.5849625007;-1.224
1.8;1.839;0;12.1705821019;0;0;12.1705821019;0;0;0;0;0;0;0;0;0;0;0;0;0;164.326206573;0;0;1155.036;0;0;0;0;8;0;0;0;0;0;0;0;441.52;0;0;0;0;64.3079938295;93.4100075504;1.135704151;0;102.130547897;0;1104.636;0;59.8050604921;39.9106105072;4.5952;0;4;0;0;4;16;0;434;0;0;0;-10.4;0;0;0;0;0;0;0;0;0;0;0;0;0;18.9474518152;0;114.990236666;0;20;0;0;0;0;0;0;78.9516845472;103.128240164;0;18.9474518152;150.962278999;6.4208216229;0;0;0;24;0;0;4032.11040831;471.525899283;0;15.9957551603;0;0;0;121.077999712;54.2013782003;0;8.4425998123;19.6573874392;0;15.9957551603;114.990236666;0;39.1302207835;0;0;210.064253154;0;73.0062708634;2.41759004202e+19;0;0;0;0;0;0;78.86277189;20;0;0;24.2654682738;0;20.9781392793;20.9781392793;84;0;24;0;0;0;0;235.833333333;0;16;0;0;24;25.6905831386;75.6968174071;70.7847425145;24.2654682738;0;0;0;0;121.077999712;0;25.6905831386;4;0;0;0;4;42.9501793904;16;285.505;23.8576845262;0;0;0;12;0;42.9501793904;0;7;134;-4.9123;24.13069129;317.3466;158.18765;3377;441.52;1154.26920288;32304;180;486;14053.24;0.7619047619;0;0;0;37;11;0;9;3;0;11.996072859;16.018480595;-0.4134116291;0.138495356;4.9360410598;13.6102572454;62.32435;95;1.8857776051;-0.4771050523;-0.4384249185;-0.0223131801;0.2286358555;102.587256853;104.29857536;166.597150719;210.438466615;226.532618689;7022.38116509;8865.48777172;13890.4884578;16904.4528329;18084.8932256;4;20;0.2;25;9;3;0;0;0;0;16.5793810668;0;0;0;0;0;0;9.5769449834;0.7323538223;0;0;0;0;0;0;5.42;0.5;7;2;7.5698556083;5.052
0.96;1.502;0;2.6012163492;0;0;2.6012163492;0;0;0;0;0;0;0;0;0;0;0;0;0;0;0;0;316.538;0;0;0;0;0;0;0;0;0;0;0;0;110.56;9.7998194617;0;0;0;0;0;3.8779568485;0;0;0;276.218;0;16.4684090374;10.7779168675;-0.2342;0;0;0;0;0;0;0;134;0;0;0;-0.24;0;0;0;0;0;0;0;0;0;0;0;4;0;22.9346699086;0;0;0;4;1;0;0;0;0;0;38.5249297376;0;0;22.9346699086;75.2473835208;0;0;0;0;6;0;2;176.812711826;137.092612872;0;3.9125464751;0;9.7998194617;0;0;21.76;65.4475640591;13.4248082999;17.1191992863;0;3.9125464751;0;0;0;0;0;0;0;38.5249297376;62634.245532;0;22.9346699086;0;0;0;0;91.1308505508;4;0;0;12.8416432459;0;5.9593024549;5.9593024549;22;0;6;0;0;0;0;44;0;0;0;0;6;9.030359758;0;103.972493797;0;0;0;0;0;32.7344893703;0;9.030359758;0;0;0;0;0;14.5175367667;0;96.7996;0;0;0;0;0;0;14.5175367667;0;17;62;-4.5852;21.02405904;87.276;61.43172;430;110.56;316.3314456;1355;23;86;3259.06;0;0;0;0;0;0;10;6;0;0;11.9933304897;14.0106824453;-0.3640609533;0.0286916622;4.8867920063;9.4977657544;45.04828;21;0.3051697186;-0.1468402324;-0.0039111223;-0.1368709871;0.1796631261;24.1598818077;22.6618193318;23.6618193318;24.6618193318;25.7722850715;1232.55623603;1262.84934572;1374.6041369;1426.35481966;1427.80035116;6;4;1;14;0;4;0;0;0;0;27.2702612276;0;0;0;0;0;0;0;0;0.5426156972;0;1.3333333333;0;0;0.2;2.56;0.4615384615;17;1;5.3923174228;-1.04
0.99;1.512;0;7.2741297928;0;0;7.2741297928;0;0;0;0;0;0;0;0;0;0;0;0;0;0;0;0;773.306;0;0;0;0;0;0;0;0;0;0;0;0;227.6;29.3994583851;0;0;0;0;0;5.4157472813;0;0;0;676.538;0;39.7483728626;26.5053234778;-0.0706;0;0;0;0;0;0;0;326;0;0;0;-0.56;0;0;0;0;0;0;0;0;0;0;0;8;0;45.8693398173;0;0;0;8;1;0;0;0;0;0;89.891502721;0;0;45.8693398173;199.563124939;0;0;0;0;14;0;6;582.109627847;334.250121087;0;10.4211428443;0;29.3994583851;0;0;53.44;170.163666554;33.5679892117;42.0567530513;0;10.4211428443;0;0;0;0;0;0;0;89.891502721;278792954851;0;45.8693398173;0;0;0;0;221.530239537;8;0;0;38.5249297376;0;15.3089932641;15.3089932641;54;0;14;0;0;0;0;104;0;0;0;0;14;22.458086112;0;260.055169275;0;0;0;0;0;75.2687982024;0;22.458086112;0;0;0;0;0;35.586354974;0;235.7132;0;0;0;0;0;0;35.586354974;0;45;150;-9.6504;93.13022016;214.4444;149.812128;1814;227.6;772.79423984;15003;63;222;19339.14;0;0;0;0;0;0;26;14;0;0;11.9932014048;14.0171929922;-0.3641284839;0.0375143765;4.8923423561;10.1002841767;111.547872;53;0.7957799602;-0.3973293241;-0.0213537911;-0.3935252384;0.7874125923;59.0397242179;57.3207302627;62.3207302627;67.3207302627;72.6521274817;3361.00182806;3522.79336903;3996.74171823;4335.08488358;4587.83435167;14;8;1;22;0;4;0;0;0;0;0;0;0;0;0;0;0;0;0;1.6540819124;0;4.5155691863;0;0;1.981598659;4.32;0.4761904762;45;3;6.7279204546;-1.868
1.01;1.515;0;16.6199566801;0;0;16.6199566801;0;0;0;0;0;0;0;0;0;0;0;0;0;0;0;0;1686.842;0;0;0;0;0;0;0;0;0;0;0;0;461.68;68.5987362319;0;0;0;0;0;7.742502902;0;0;0;1477.178;0;86.3083005131;57.9601366985;0.2566;0;0;0;0;0;0;0;710;0;0;0;-1.2;0;0;0;0;0;0;0;0;0;0;0;16;0;91.7386796346;0;0;0;16;1;0;0;0;0;0;192.624648688;0;0;91.7386796346;448.194607775;0;0;0;0;30;0;14;1500.3308109;728.565137515;0;23.4383355828;0;68.5987362319;0;0;116.8;379.595871543;73.939064337;91.9942344045;0;23.4383355828;0;0;0;0;0;0;0;192.624648688;1.16977231005e+29;0;91.7386796346;0;0;0;0;559.378876985;16;0;0;12.8416432459;0;34.0083748823;34.0083748823;118;0;30;0;0;0;0;224;0;0;0;0;30;49.3135388201;0;572.220520231;0;0;0;0;0;160.337415867;0;49.3135388201;0;0;0;0;0;77.7239913884;0;513.5404;0;0;0;0;0;0;77.7239913884;0;101;326;-19.7808;391.28004864;468.7812;326.572944;5694;461.68;1685.71982832;110651;143;494;91819.3;0;0;0;0;0;0;58;30;0;0;11.9931422814;14.0338066576;-0.3642100037;0.0860563705;4.8924849173;10.1799289364;244.547056;117;1.777000441;-0.8983075798;-0.0562418424;-0.906897378;2.0020015809;128.799409038;126.638552124;139.638552124;152.638552124;166.411812302;7624.35531184;8051.29971348;9255.83397128;10177.6921423;10951.7641011;30;16;1;30;0;4;0;0;0;0;0;0;0;0;0;0;0;0;0;0;0;13.8200446964;0;0;7.845886797;7.84;0.4827586207;101;3;7.8703647196;-3.524
1.01;1.518;0;72.6949180038;0;0;72.6949180038;0;0;0;0;0;0;0;0;0;0;0;0;0;0;0;0;7168.058;0;0;0;0;0;0;0;0;0;0;0;0;1866.16;303.794403313;0;0;0;0;0;17.8596279264;0;0;0;6281.018;0;365.667866416;246.689016022;2.2198;0;0;0;0;0;0;0;3014;0;0;0;-5.04;0;0;0;0;0;0;0;0;0;0;0;64;0;366.954718538;0;0;0;64;1;0;0;0;0;0;809.023524489;0;0;366.954718538;1939.98350479;0;0;0;0;126;0;62;7853.14736942;3094.45523609;0;101.541492014;0;303.794403313;0;0;496.96;1636.18910148;316.251750383;391.686718446;0;101.541492014;0;0;0;418.864409978;0;0;0;809.023524489;1.04102960809e+185;0;366.954718538;0;0;0;0;2026.34821599;64;0;0;0;0;146.204664592;146.204664592;502;0;126;0;0;0;0;944;0;0;0;0;126;210.446255069;0;2445.21262597;0;0;0;0;0;670.749121851;0;210.446255069;0;0;0;0;0;330.549809875;0;2180.5036;0;0;0;0;0;0;330.549809875;0;437;1382;-80.5632;6490.42919424;1994.802;1387.13784;39566;1866.16;7163.2733592;3675131;623;2126;1655660.26;0;0;0;0;0;0;250;126;0;0;11.9930998776;14.1548673133;-0.3643495629;0.4402188731;4.8923165104;10.27544259;1042.54216;501;7.6643233259;-3.9041771138;-0.2655701504;-3.9871302159;9.2895355054;547.357517961;542.545483295;603.545483295;664.545483295;728.969921225;33207.274947;35226.0632684;40816.8509292;45244.5553572;49155.4248143;126;64;1;46;0;4;0;0;0;0;0;0;0;0;0;0;0;0;0;0;0;0;0;0;0;28.96;0.4888888889;437;3;9.9686667932;-13.46
0.854;1.364;0;3.5811276505;0;0;3.5811276505;0;0;0;0;0;0;0;0;0;0;0;0;0;0;0;0;524.756;0;0;0;0;0;0;0;0;0;0;0;0;239.6;31.0669738777;0;0;0;0;24.9116046829;4.9398798663;0;20.4261095794;0;468.308;0;27.0204508012;17.353304268;-5.3824;0;4;0;0;0;0;0;218;0;0;0;-0.56;0;0;0;0;0;0;0;0;0;0;0;4;0;22.9346699086;0;0;0;12;0;0;0;0;0;0;25.6832864917;0;0;44.2018243247;146.764123407;0;0;0;0;14;4;2;396.544771084;216.658649302;0;5.7047116035;0;31.0669738777;0;20.4261095794;35.44;91.6265896828;21.5181864378;24.7583596723;0;5.7047116035;0;0;0;117.309876174;0;24.9116046829;0;50.5948911746;38975976.6568;0;22.9346699086;0;0;0;0;0;12;0;0;0;0;8.8723703345;8.8723703345;36;0;14;0;0;0;0;86.3333333333;0;0;0;0;14;13.2650625796;91.6265896828;25.6832864917;0;0;0;0;21.267154416;53.1605989497;0;13.2650625796;4;0;0;0;0;22.0300057879;0;143.6036;0;0;0;0;0;0;22.0300057879;0;27;92;-6.9568;48.39706624;136.47;90.268408;920;239.6;524.44860072;4858;41;150;7021.14;0;0;0;0;0;0;18;4;0;0;11.9932768245;15.99795723;-0.3789759977;0.1105980555;4.7643394901;10.1046522754;65.179592;35;0.9030999718;-0.488196152;-0.0242051738;-0.0648384696;0.3740778024;42.6976791549;39.3196427058;46.533489094;46.7860927889;48.3115909673;1997.34474584;2102.8428854;2413.76054738;2532.33516099;2644.49915387;14;12;1;18;0;3;0;0;0;0;25.6544099828;13.175633806;0;0.7631428284;0;0;0.6065400247;0;0;0.3765384157;1.7841340421;0.9561828875;0.6065400247;1.511857892;0.3333333333;2.34;0.4705882353;27;3;6.1292830169;-5.44
0.82;1.362;0;10.735018615;0;0;10.735018615;0;0;0;0;0;0;0;0;0;0;0;0;0;0;0;0;1454.068;0;0;0;0;0;0;0;0;0;0;0;0;614.72;93.2009216332;0;0;0;0;74.7348140488;6.7655907901;0;61.2783287381;0;1300.852;0;74.232925279;48.2314856793;-13.9548;0;12;0;0;0;0;0;602;0;0;0;-1.52;0;0;0;0;0;0;0;0;0;0;0;8;0;45.8693398173;0;0;0;32;0;0;0;0;0;0;77.0498594751;0;0;109.670803065;414.113344597;0;0;0;0;38;12;6;1421.04605592;598.407998833;0;16.7839981369;0;93.2009216332;0;61.2783287381;98.48;248.700743425;61.6129052386;69.2358245323;0;16.7839981369;0;0;0;325.7506029;0;74.7348140488;0;151.784673524;6.56077832879e+21;0;45.8693398173;0;0;0;0;0;32;0;0;0;0;25.462410465;25.462410465;100;0;38;0;0;0;0;237;0;0;0;0;38;37.1621945768;248.700743425;77.0498594751;0;0;0;0;63.8014632481;136.54712694;0;37.1621945768;12;0;0;0;0;60.9521891621;0;394.5932;0;0;0;0;0;0;60.9521891621;0;79;252;-17.9172;321.02605584;373.6728;248.696536;4930;614.72;1453.20830552;77402;121;430;53101.38;0;0;0;0;0;0;50;12;0;0;11.9931638412;16.0062663096;-0.3789759977;0.1291151849;4.7620583391;10.1936990638;180.687464;99;2.5738207835;-1.4310408243;-0.0090053638;-0.2550333782;1.0779097622;118.65311626;111.294200385;134.935739549;137.638317764;144.934772902;5816.1925373;6180.32738257;7189.03692072;7630.09305452;8059.69640074;38;32;1;32;0;3;0;0;0;0;0;0;0;4.7183065265;0;0;4.0755565949;0;0;1.0417057212;5.3956421038;2.9097461898;4.2016179614;6.636983497;1.4836116933;4.1;0.4838709677;79;3;7.6293566201;-13.636
0.86;1.362;0;25.042800544;0;0;25.042800544;0;0;0;0;0;0;0;0;0;0;0;0;0;0;0;0;3312.692;0;0;0;0;0;0;0;0;0;0;0;0;1364.96;217.468817144;0;0;0;0;174.381232781;9.5455694376;0;142.982767056;0;2965.94;0;168.657874234;109.987848502;-31.0996;0;28;0;0;0;0;0;1370;0;0;0;-3.44;0;0;0;0;0;0;0;0;0;0;0;16;0;91.7386796346;0;0;0;72;0;0;0;0;0;0;179.783005442;0;0;240.608760547;948.811786977;0;0;0;0;86;28;14;3719.68980281;1361.9066979;0;38.9425712036;0;217.468817144;0;142.982767056;224.56;562.849050908;141.813007676;158.212197385;0;38.9425712036;0;0;142.497423534;600.134632816;0;174.381232781;0;354.164238223;1.23662554848e+73;0;91.7386796346;0;0;0;0;0;72;0;0;0;0;58.642490726;58.642490726;228;0;86;0;0;0;0;538.333333333;0;0;0;0;86;84.9564585713;562.849050908;179.783005442;0;0;0;0;148.870080912;303.320182922;0;84.9564585713;28;0;0;0;0;138.796555911;0;896.5724;0;0;0;0;0;0;138.796555911;0;183;572;-39.838;1587.066244;848.0784;565.552792;16940;1364.96;3310.72771512;650266;281;990;274285.86;0;0;0;0;0;0;114;28;0;0;11.9931217171;16.0238290497;-0.3789759977;0.2073916849;4.7618882861;10.1952801121;411.703208;227;5.915262407;-3.316730169;0.0213942561;-0.6354231968;2.485573595;270.563990469;255.243315742;311.74024046;319.342767715;338.181136771;13450.7238614;14331.1010422;16732.3649213;17813.1781594;18868.0543866;86;72;1;46;0;3;0;0;0;0;0;0;0;0;0;0;0;0;0;0;0;0;0;0;5.1459158437;7.62;0.4888888889;183;3;8.8265484873;-30.028
0.947;1.367;0;24.7422627696;0;0;24.7422627696;0;0;0;0;0;0;0;0;0;0;0;0;0;0;0;0;3280.436;0;0;0;0;0;0;0;0;0;0;0;0;1000.48;309.207496779;1011.31250634;0;0;0;24.9116046829;10.1394261721;0;142.982767056;0;2965.94;0;193.895478541;123.681321264;-26.7492;0;28;0;0;0;0;0;1338;0;0;0;-3.44;0;0;0;0;0;0;0;0;3.9903685339;0;0;0;0;0;0;0;0;56;0;0;0;0;0;0;179.783005442;0;0;148.870080912;1040.55046661;0;0;0;0;118;28;30;4560.17213773;1361.9066979;0;38.4220245088;0;309.207496779;0;142.982767056;256.56;562.849050908;170.78981674;169.514326169;0;38.4220245088;0;0;51.8623121154;481.337539246;0;174.381232781;0;354.164238223;5.86999547544e+86;0;0;0;0;0;0;209.432204989;56;0;0;0;0;57.6013973365;57.6013973365;260;0;86;0;0;0;0;534.342964799;0;0;0;0;86;83.4841301802;143.98464093;77.0498594751;0;0;0;0;21.267154416;90.6777871232;0;83.4841301802;28;0;0;0;0;136.714369132;0;858.998;0;0;0;0;0;0;136.714369132;0;199;892;-61.7588;3814.14937744;1322.484;882.409048;32881;2115.2;5168.24712472;1992922;441;1550;667502.34;0;0;0;0;0;0;178;44;0;0;11.9931091975;16.0427508774;-0.3789759977;0.3127760064;4.7618155655;10.1955199244;642.718952;355;9.2567040304;-5.2024195136;0.051793876;-1.0158130155;3.8932374278;422.474864679;399.1924311;488.544741371;501.047217665;531.427500641;21085.219345;22481.8273752;26275.6105353;27996.1172819;29676.144489;134;112;1;57;0;3;0;0;0;0;0;0;0;0;0;0;0;0;0;0;0;0;0;0;0;11.14;0.5;287;3;9.4716752144;-46.42
0.813;1.348;0;110.889492118;0;0;110.889492118;0;0;0;0;0;0;0;0;0;0;0;0;0;0;0;0;14464.436;0;0;0;0;0;0;0;0;0;0;0;0;5866.4;659.281786897;0;0;0;0;772.259745171;21.5780450303;0;612.783287381;20.4261095794;12956.468;0;735.207567967;480.526025437;-133.9684;0;124;0;0;0;0;0;5978;0;0;0;-14.96;0;0;0;0;0;0;0;0;0;0;0;64;0;366.954718538;0;0;0;312;0;0;0;0;0;0;796.181881243;0;0;1026.23650544;4157.00244126;0;0;0;0;374;124;62;19356.5439921;5942.89889227;0;171.894009604;0;963.07619021;0;633.20939696;981.04;2447.73889581;623.023446505;692.09067913;0;171.894009604;0;0;3218.23749056;0;0;797.943031663;0;1568.44162641;10690818633.5;0;366.954718538;0;0;303.794403313;0;0;312;0;0;0;0;257.722972292;257.722972292;996;0;374;0;0;0;0;2346.33333333;0;0;0;0;374;371.722042538;2447.73889581;796.181881243;0;0;0;0;659.281786897;1303.95851881;0;371.722042538;124;0;0;0;0;605.862756402;0;3908.4476;0;0;0;0;0;0;605.862756402;0;807;2492;-171.3628;29365.2092238;3694.512;2466.690328;126464;5866.4;14455.8441727;23712922;1241;4350;5214064.74;0;0;0;0;0;0;498;124;0;0;11.9930944656;16.1626503868;-0.3789759977;0.9159954577;4.7616983322;10.1980111204;1797.797672;995;25.9639121475;-14.630866237;0.2037919757;-2.917762109;10.9315565916;1182.02923573;1118.93800789;1372.56724592;1409.56946742;1497.65931999;59257.6953148;63235.4571323;73991.8352646;78910.8068841;83716.5837835;374;312;1;74;0;3;0;0;0;0;0;0;0;0;0;0;0;0;0;0;0;0;0;0;0;28.74;0.4931506849;807;3;10.9585527154;-128.38
0.797;1.4665;0;225.35174755;0;0;225.35174755;0;0;0;0;0;0;0;0;0;0;0;0;0;0;0;0;29333.428;0;0;0;0;0;0;0;0;0;0;0;0;11868.32;1339.83072821;0;0;0;0;1569.43109503;34.3849226924;0;1143.86213644;142.982767056;26277.172;0;1490.60715961;974.576928017;-271.1268;0;252;0;0;0;0;0;12122;0;0;0;-30.32;0;0;0;0;0;0;0;0;0;0;0;128;0;733.909437077;0;0;0;632;0;0;0;0;0;0;1618.04704898;0;0;2073.74016529;8434.58998029;0;0;0;0;758;252;126;41666.1833869;12050.8884848;0;349.162594137;0;1957.2193543;0;1286.8449035;1989.68;4960.92535568;1264.6386206;1403.93126372;68.5987362319;349.162594137;0;0;5941.0564508;0;0;2207.34704888;0;3187.478144;10690818633.5;0;733.909437077;0;0;548.789889855;0;0;632;0;0;0;0;523.16361438;523.16361438;2020;0;758;0;0;0;0;4757;0;0;0;0;758;754.076154494;4960.92535568;1618.04704898;0;0;0;0;1339.83072821;2638.14296666;0;754.076154494;252;0;0;0;0;1228.61769039;0;7924.2812;0;0;0;0;0;0;1228.61769039;0;1639;5052;-346.7292;120221.138133;7489.7568;5001.540376;311402;11868.32;29315.9994495;123382426;2521;8830;21434228.58;0;0;0;0;0;0;1010;252;0;0;11.9930902309;16.4835587702;-0.3789759977;1.9264668842;4.7616553031;10.4107092714;3645.923624;2019;52.6954451349;-29.7163809944;0.4469889352;-5.9608806586;22.1928672538;2397.3162294;2270.53093075;2787.00325321;2863.20506702;3043.63023094;120333.65626;128441.263944;150337.793431;160374.307727;170181.281948;758;632;1;88;0;3;0;0;0;0;0;0;0;0;0;0;0;0;0;0;0;0;0;0;0;56.9;0.4942528736;1639;2;11.9794251953;-1.4615
0.8;1.341;0;912.125280141;0;0;912.125280141;0;0;0;0;0;0;0;0;0;0;0;0;0;0;0;0;118547.38;0;0;0;0;0;0;0;0;0;0;0;0;47879.84;5423.12437609;0;0;0;0;6352.45919415;95.4905765466;0;2614.54202616;2594.11591658;106201.396;0;6023.00470947;3938.8823435;-1094.0772;0;1020;0;0;0;0;0;48986;0;0;0;-122.48;0;0;0;0;0;0;0;0;0;0;0;512;0;2935.63774831;0;0;0;2552;0;0;0;0;0;0;6549.23805538;0;0;8358.76212439;34100.1152145;0;0;0;0;3062;1020;510;1260.88807106;48698.8260398;0;1412.77410134;0;7922.07833882;0;5208.65794274;8041.52;20040.0441149;5114.33049476;5674.97650127;2195.15955942;1412.77410134;0;0;6701.83055965;0;0;26239.9108048;0;12901.6972495;10690818633.5;0;2935.63774831;0;0;0;0;29.3994583851;2552;0;0;274.394944928;0;2115.80746691;2115.80746691;8164;0;3062;0;0;0;0;19221;0;0;0;0;3062;3048.20082623;20040.0441149;6549.23805538;0;0;0;0;5423.12437609;10643.2496538;0;3048.20082623;1020;0;0;0;0;4965.14729432;0;32019.2828;0;0;0;0;0;0;4965.14729432;0;6631;106.5;-2.01215;16.080215665;203.5223;115.423755;2855;227.505;771.52383672;16550.5;65;230;9167.155;0;0;0;0.5;0;0;20.5;2;0;0;11.9951383917;16.0318540538;-0.3785244217;0.307082987;4.3680745222;10.1943682391;84.0779185;54;2.108430755;-1.0994913007;-0.1002809788;-0.0079793383;-0.0036985668;65.0991494029;62.4007067907;79.1833194576;85.6509817528;82.6419677881;2746.2225593;3144.45176588;3868.1281774;4088.70182289;4085.00713964;15;2;0.9403508772;30;2;3;0;0;0;0;0;0;0;0;0;0;0;0;0;0;0;0;0;0;0;3.275;0.4934889227;33;2;6.754640084;-1.4615
0.86;1.368;8;7.4752973329;0;0;7.4752973329;47.7544423036;0;0;0;0;0;8;0;0;0;0;8;0;0;0;0;1093.196;0;0;0;0;0;0;0;0;0;0;0;0;469.52;21.267154416;0;0;0;0;24.9116046829;6.1610924435;0;99.6346262107;0;1012.556;0;57.2623625305;35.9274472596;-14.8892;0;4;0;8;0;0;0;442;0;0;0;-4.8;0;0;0;0;0;0;0;0;0;0;0;0;0;0;0;0;8;8;0;0;0;0;0;0;77.0498594751;0;0;62.1193735748;266.476255881;38.3562974726;0;0;0;30;4;6;1360.15238907;442.743078758;0;11.8967284749;0;50.6666128011;0;99.6346262107;71.2;143.98464093;45.3994572362;44.2095741099;19.5996389234;11.8967284749;0;0;207.944987593;13.0895128118;0;72.6660469866;0;101.961464158;2.17316894774e+15;0;0;0;0;9.7998194617;0;0;8;0;0;0;0;18.0603006855;18.0603006855;76;0;30;0;0;0;0;227.666666667;0;0;0;0;30;25.5212160584;191.739083234;77.0498594751;0;0;0;0;21.267154416;129.034084596;0;25.5212160584;4;0;0;0;0;43.3551402395;0;250.138;0;0;0;0;0;0;43.3551402395;0;55;156;-10.874;118.243876;244.7968;161.34344;3064;469.52;1092.5550356;37434;89;334;18325.3;0;0;0;8;0;0;26;12;0;0;11.9960856546;16.0144847573;-0.3789759963;0.3774372221;3.745730691;10.1846866699;117.30456;75;3.3332348914;-1.680995762;-0.0488486717;-0.8547521763;1.906236139;95.0891837236;85.9625698053;111.372168478;101.429019888;110.496431986;3967.71433943;4270.29254521;5071.96131717;5309.831762;5562.82810634;30;8;0.8260869565;26;2;3;0;0;0;0;0;0;0;4.7183065265;0;0;0;0;0;0;0;0;0.6065400247;3.1907288656;1.4836116933;3.22;0.48;55;3;7.2288186905;-10.452
0.86;1.365;16;18.5233579797;0;0;18.5233579797;95.5088846072;0;0;0;0;0;16;0;0;0;0;16;0;0;0;0;2590.948;0;0;0;0;0;0;0;0;0;0;0;0;1074.56;63.8014632481;0;0;0;0;74.7348140488;8.58217356;0;219.695362001;0;2389.348;0;134.716748737;85.3797716624;-32.9684;0;12;0;16;0;0;0;1050;0;0;0;-10;0;0;0;0;0;0;0;0;0;0;0;0;0;0;0;0;16;24;0;0;0;0;0;0;179.783005442;0;0;145.505901566;653.537609545;76.7125949451;0;0;0;70;12;14;3599.58137105;1050.57685775;0;29.1680318796;0;132.40019948;0;219.695362001;170;353.416845919;109.345655675;108.16;0;29.1680318796;0;0;430.466705394;0;0;272.976844623;0;254.517819491;1.42676168586e+53;0;0;0;0;29.3994583851;0;0;24;0;0;39.1992778468;0;43.8382711671;43.8382711671;180;0;70;0;0;0;0;519.666666667;0;0;0;0;70;61.6745015344;448.925730527;179.783005442;0;0;0;0;63.8014632481;288.294098233;0;61.6745015344;12;0;0;0;0;103.602458065;0;607.662;0;0;0;0;0;0;103.602458065;0;135;380;-25.7516;663.14490256;590.3264;390.8466;11690;1074.56;2589.42117528;357210;217;798;111421.7;0;0;0;16;0;0;66;28;0;0;11.9960530541;16.039879058;-0.3789759963;0.3855230036;3.7455949216;10.1950374143;284.9374;179;7.4346251445;-3.8164075585;-0.0591351331;-1.8345634619;4.1429536548;223.436125397;204.580054584;264.613098317;246.924171963;269.304454939;9754.14174699;10511.5216165;12499.0564225;13174.143874;13877.0108846;70;24;0.8545454545;40;2;3;0;0;0;0;0;0;0;0;0;0;0;0;0;0;0;0;4.2016179614;11.6725772732;5.1459158437;5.86;0.4871794872;135;3;8.4838157773;-23.66
0.86;1.366;32;40.6194792734;0;0;40.6194792734;191.017769214;0;0;0;0;0;32;0;0;0;0;32;0;0;0;0;5586.452;0;0;0;0;0;0;0;0;0;0;0;0;2284.64;148.870080912;0;0;0;0;174.381232781;12.4679914884;0;459.816833581;0;5142.932;0;289.625521151;184.284420468;-69.1268;0;28;0;32;0;0;0;2266;0;0;0;-20.4;0;0;0;0;0;0;0;0;0;0;0;0;0;0;0;0;32;56;0;0;0;0;0;0;385.249297376;0;0;312.278957547;1427.66031687;153.42518989;0;0;0;150;28;30;8464.7617667;2266.24441572;0;63.710638689;0;295.867372838;0;459.816833581;367.6;772.281255898;237.252291889;236.068153988;68.5987362319;63.710638689;0;0;952.06426134;0;0;570.865293929;0;559.630530156;2.33982218542e+139;0;0;0;0;0;0;0;56;0;0;78.3985556936;0;95.3942121302;95.3942121302;388;0;150;0;0;0;0;1103.66666667;0;0;0;0;150;133.981072487;963.299025112;385.249297376;0;0;0;0;148.870080912;606.814125506;0;133.981072487;28;0;0;0;0;224.097093717;0;1322.71;0;0;0;0;0;0;224.097093717;0;295;828;-55.5068;3081.00484624;1281.3856;849.85292;35172;2284.64;5583.15345464;2450266;473;1726;533774.5;0;0;0;32;0;0;146;60;0;0;11.9960398361;16.0946452776;-0.3789759963;0.458602035;3.7455938566;10.195520889;620.20308;387;15.6374056508;-8.0872311515;-0.0797080559;-3.7941860331;8.6163886864;480.130008744;441.815024141;571.094957996;537.914476113;586.920500845;21326.5585848;22993.4053121;27352.2573103;28901.0205205;30502.2081976;150;56;0.8655462185;54;2;3;0;0;0;0;0;0;0;0;0;0;0;0;0;0;0;0;0;0;0;11.14;0.4905660377;295;3;9.5961897561;-50.076
0.81;1.346;64;84.8117218608;0;0;84.8117218608;382.035538429;0;0;0;0;0;64;0;0;0;0;64;0;0;0;0;11577.46;0;0;0;0;0;0;0;0;0;0;0;0;4704.8;319.00731624;0;0;0;0;373.674070244;18.9071240543;0;940.059776741;0;10650.1;0;599.443065979;382.093718079;-141.4436;0;60;0;64;0;0;0;4698;0;0;0;-41.2;0;0;0;0;0;0;0;0;0;0;0;0;0;0;0;0;64;120;0;0;0;0;0;0;796.181881243;0;0;645.82506951;2975.90573153;306.850379781;0;0;0;310;60;62;18879.9273884;4697.57953167;0;132.795852308;0;622.801719553;0;940.059776741;762.8;1610.01007585;493.070632294;491.887150474;146.997291926;132.795852308;0;0;1721.86682158;0;0;1440.03474419;0;1169.85595149;10690818633.5;0;0;0;0;0;0;0;120;0;0;156.797111387;0;198.506094056;198.506094056;804;0;310;0;0;0;0;2271.66666667;0;0;0;0;310;278.594214391;1992.04561428;796.181881243;0;0;0;0;319.00731624;1243.85418005;0;278.594214391;60;0;0;0;0;465.086365021;0;2752.806;0;0;0;0;0;0;465.086365021;0;615;1724;-115.0172;13228.9562958;2663.504;1767.86556;94190;4704.8;11570.6180134;14281626;985;3582;2323120.1;0;0;0;64;0;0;306;124;0;0;11.9960338308;16.2210428801;-0.3789759963;0.7903484418;3.7455938483;10.1965732816;1290.73444;803;32.0429666633;-16.6288783375;-0.1208539016;-7.7134311754;17.5632587495;993.517775437;916.284963254;1184.05867735;1119.89508441;1222.15259266;44471.3829851;47957.1605467;57058.6379477;60354.7357733;63752.5322304;310;120;0.8704453441;68;2;3;0;0;0;0;0;0;0;0;0;0;0;0;0;0;0;0;0;0;0;21.7;0.4925373134;615;3;10.6492561775;-102.908
0.791;1.337;128;173.196207036;0;0;173.196207036;764.071076858;0;0;0;0;0;128;0;0;0;0;128;0;0;0;0;23559.476;0;0;0;0;0;0;0;0;0;0;0;0;9545.12;659.281786897;0;0;0;0;772.259745171;29.8083894607;0;1839.26733432;61.2783287381;21664.436;0;1219.07815564;777.712313302;-286.0772;0;124;0;128;0;0;0;9562;0;0;0;-82.8;0;0;0;0;0;0;0;0;0;0;0;0;0;0;0;0;128;248;0;0;0;0;0;0;1618.04704898;0;0;1312.91729344;6072.39656084;613.700759561;0;0;0;630;124;126;41000.5806541;9560.24976357;0;270.966279546;0;1276.67041298;0;1900.54566306;1553.2;3285.46771577;1004.70948934;1003.52631377;156.797111387;270.966279546;0;0;1466.02543492;0;0;4973.82015185;0;2390.30679415;10690818633.5;0;0;0;0;0;0;0;248;0;0;460.5915147;0;404.729857909;404.729857909;1636;0;630;0;0;0;0;4607.66666667;0;0;0;0;630;567.820498199;4049.53879263;1618.04704898;0;0;0;0;659.281786897;2517.93428915;0;567.820498199;124;0;0;0;0;947.064907628;0;5612.998;0;0;0;0;0;0;947.064907628;0;1255;3516;-234.038;54773.785444;5427.7408;3603.89084;235928;9545.12;23545.5471308;75821978;2009;7294;9680371.3;0;0;0;128;0;0;626;252;0;0;11.996030963;16.5519925987;-0.3789759963;1.5914912641;3.7455938482;10.2112956163;2631.79716;1635;64.8540886883;-33.7121727096;-0.2031455929;-15.5519214601;35.4569988759;2020.29330882;1865.22484148;2409.98611607;2283.85630101;2492.61677628;90761.0316033;97884.6707768;116471.398804;123262.165518;130253.178866;630;248;0.8727634195;82;2;3;0;0;0;0;0;0;0;0;0;0;0;0;0;0;0;0;0;0;0;42.82;0.4938271605;1255;2;11.6750749204;-1.4615
0.8;1.337;256;349.965177385;0;0;349.965177385;1528.14215372;0;0;0;0;0;256;0;0;0;0;256;0;0;0;0;47523.508;0;0;0;0;0;0;0;0;0;0;0;0;19225.76;1339.83072821;0;0;0;0;1569.43109503;48.5902753774;0;3515.12579201;306.39164369;43693.108;0;2458.34833495;1568.94950375;-575.3444;0;252;0;256;0;0;0;19290;0;0;0;-166;0;0;0;0;0;0;0;0;0;0;0;0;0;0;0;0;256;504;0;0;0;0;0;0;3261.77738445;0;0;2647.10174129;12265.3782195;1227.40151912;0;0;0;1270;252;254;87328.2861829;19285.5902274;0;547.307134021;0;2584.40779985;0;3821.5174357;3134;6636.3829956;2027.9882155;2026.80518802;0;547.307134021;0;0;0;0;0;12995.7336288;0;4831.20847947;10690818633.5;0;0;0;0;0;0;68.5987362319;504;0;0;1175.9783354;0;817.177385614;817.177385614;3300;0;1270;0;0;0;0;9279.66666667;0;0;0;0;1270;1146.27306582;8164.52514931;3261.77738445;0;0;0;0;1339.83072821;5066.09450734;0;1146.27306582;252;0;0;0;0;1911.02199284;0;11333.382;0;0;0;0;0;0;1911.02199284;0;2535;106.5;-2.01215;16.080215665;203.5223;115.423755;2855;227.505;771.52383672;16550.5;65;230;9167.155;0;0;0;0.5;0;0;20.5;2;0;0;11.9951383917;16.0318540538;-0.3785244217;0.307082987;4.3680745222;10.1943682391;84.0779185;54;2.108430755;-1.0994913007;-0.1002809788;-0.0079793383;-0.0036985668;65.0991494029;62.4007067907;79.1833194576;85.6509817528;82.6419677881;2746.2225593;3144.45176588;3868.1281774;4088.70182289;4085.00713964;15;2;0.9403508772;30;2;3;0;0;0;0;0;0;0;0;0;0;0;0;0;0;0;0;0;0;0;3.275;0.4934889227;33;2;6.754640084;-1.4615
0.86;1.364;0;21.7028839681;0;0;21.7028839681;0;0;0;0;0;0;0;0;0;0;0;0;0;0;0;0;3604.18;4;0;0;0;0;0;0;0;0;0;0;0;1942.08;319.443327413;0;0;0;163.769770555;0;14.5405838219;0;306.39164369;0;3293.716;0;184.049144841;115.275391551;-65.5292;0;60;0;0;0;0;0;1466;0;0;0;-4.88;0;0;0;0;0;0;0;0;0;0;0;0;0;0;0;0;0;120;0;0;0;0;0;0;0;0;0;319.443327413;1097.59236491;0;0;0;0;122;60;2;4476.53046323;1410.94321444;0;34.8661898536;0;329.679158047;0;306.39164369;239.12;617.195120031;106.623356266;128.23440651;0;34.8661898536;0;0;0;10.2358306341;0;780.964890586;0;163.769770555;2.43439097405e+85;0;0;0;0;0;0;0;120;0;0;0;0;56.0280653881;56.0280653881;244;0;122;0;0;0;0;690;0;0;0;0;122;79.5198599448;222.521717801;0;0;0;10.2358306341;21.7031655884;297.740161824;306.39164369;0;79.5198599448;32;0;0;0;0;138.195280353;0;858.914;394.67340223;0;0;0;0;0;138.195280353;0;183;552;-29.622;877.462884;883.5744;536.412244;11996;1942.08;3602.29557752;523138;357;1142;244310.22;0;0;0;0;0;0;122;0;0;0;11.9960506534;16.0578708275;-0.4205553548;0.2631530661;4.0854088136;11.3563867493;374.987756;243;8.8420808401;-4.7553926932;-1.0502849585;5.3052563445;-8.0440724905;312.786920812;283.974907948;410.657700683;440.624095172;456.981748484;15410.5505452;17387.8409916;23386.3977829;25614.1953378;28227.2503698;122;120;1;30;3;2;0;0;0;0;0;0;0;0;0;0;0;0;0;0;0;0;0;14.2201467506;0.3333333333;1.46;0.4827586207;183;3;8.9248125036;-55.2
0.947;1.359;0;44.8814826721;0;0;44.8814826721;0;0;0;0;0;0;0;0;0;0;0;0;0;0;0;0;7384.532;4;0;0;0;0;0;0;0;0;0;0;0;4006.72;659.717798069;0;0;0;350.935222617;0;22.8823170502;0;490.226629905;142.982767056;6751.508;0;377.186229831;235.843934046;-135.366;0;124;0;0;0;0;0;3002;0;0;0;-10;0;0;0;0;0;0;0;0;0;0;0;0;0;0;0;0;0;248;0;0;0;0;0;0;0;0;0;659.717798069;2241.86020309;0;0;0;0;250;124;2;10094.7601315;2887.67794497;0;72.1755006257;0;669.953628703;0;633.20939696;490;1247.47975287;216.592288734;259.41727779;0;72.1755006257;0;0;10.2358306341;0;0;1598.41497549;0;350.935222617;8.67071332937e+197;0;0;0;0;0;0;0;248;0;0;0;0;115.682815948;115.682815948;500;0;250;0;0;0;0;1418;0;0;0;0;250;162.735691482;431.95392279;0;0;0;10.2358306341;21.7031655884;638.014632481;633.20939696;0;162.735691482;64;0;0;0;0;282.699201458;0;1756.226;815.525830084;0;0;0;0;0;282.699201458;0;375;1128;-59.6124;3553.63823376;1806.0864;1096.794004;30350;4006.72;7380.670862;2845698;741;2358;1020631.5;0;0;0;0;0;0;250;0;0;0;11.9960392779;16.1348333571;-0.4206263935;0.4583700446;4.0854299828;11.4553258595;767.053996;499;18.2833353413;-10.0971476821;-1.7631379538;11.5352430841;-18.3358197462;641.391678368;582.500081932;852.123786519;914.973906926;947.396452728;32021.7059314;36255.350609;49121.3015841;53938.37741;59748.601876;250;248;1;36;3;2;0;0;0;0;0;0;0;0;0;0;0;0;0;0;0;0;0;22.2865661287;0.3333333333;1.46;0.4857142857;375;3;9.9628960053;-115.52
0.786;1.3374;0;91.2386800801;0;0;91.2386800801;0;0;0;0;0;0;0;0;0;0;0;0;0;0;0;0;14945.236;4;0;0;0;0;0;0;0;0;0;0;0;8136;1340.26673938;0;0;0;725.266126743;0;37.0993731791;0;980.453259809;306.39164369;13667.092;0;763.460399811;476.981019035;-275.0396;0;252;0;0;0;0;0;6074;0;0;0;-20.24;0;0;0;0;0;0;0;0;0;0;0;0;0;0;0;0;0;504;0;0;0;0;0;0;0;0;0;1340.26673938;4530.39587944;0;0;0;0;506;252;2;22085.0452317;5841.14740604;0;146.79412217;0;1350.50257002;0;1286.8449035;991.76;2508.04901856;436.578448043;521.858023205;0;146.79412217;0;0;0;0;0;3243.55097594;0;725.266126743;10690818633.5;0;0;0;0;0;0;0;504;0;0;0;0;234.992317067;234.992317067;1012;0;506;0;0;0;0;2874;0;0;0;0;506;329.167354557;850.818332769;0;0;0;10.2358306341;21.7031655884;1318.56357379;1286.8449035;0;329.167354557;128;0;0;0;0;571.70704367;0;3550.85;1657.23068579;0;0;0;0;0;571.70704367;0;759;2280;-119.5932;14302.5334862;3651.1104;2217.557524;73280;8136;14937.421431;14467330;1509;4790;4170714.06;0;0;0;0;0;0;506;0;0;0;11.996033695;16.3198655185;-0.4206703109;0.9316277179;4.0854021927;11.5331717773;1551.186476;1011;37.1658443436;-20.7806576601;-3.1888439443;23.9952165633;-38.9193142707;1298.60119348;1179.5504299;1735.05595819;1863.67353043;1928.22586121;65246.2497846;73993.6054805;100597.826555;110597.100856;122809.288305;506;504;1;42;3;2;0;0;0;0;0;0;0;0;0;0;0;0;0;0;0;0;0;0;0.3333333333;1.46;0.487804878;759;3;10.9815672819;-236.16
