DataBase;Name;density;boiling_point;refractive_index;PSA;fr_C_O_noCOO;Chi4v;fr_Ar_COO;fr_SH;Chi4n;SMR_VSA10;fr_para_hydroxylation;fr_barbitur;fr_halogen;fr_dihydropyridine;fr_priamide;fr_Al_COO;fr_guanido;fr_furan;fr_morpholine;fr_nitroso;fr_COO2;fr_amidine;SMR_VSA7;fr_benzodiazepine;fr_Imine;MolWt;fr_hdrzine;fr_urea;fr_Ar_NH;fr_quatN;fr_benzene;fr_phos_acid;fr_sulfone;VSA_EState10;fr_aniline;fr_N_O;fr_sulfonamd;fr_thiazole;TPSA;EState_VSA8;PEOE_VSA14;PEOE_VSA13;PEOE_VSA12;PEOE_VSA11;PEOE_VSA10;BalabanJ;fr_lactone;EState_VSA10;EState_VSA11;HeavyAtomMolWt;fr_nitro_arom;Chi0;Chi1;MolLogP;fr_nitro;fr_Al_OH;fr_azo;fr_C_O;fr_ether;fr_phenol_noOrthoHbond;fr_alkyl_halide;NumValenceElectrons;fr_aryl_methyl;fr_Ndealkylation2;fr_term_acetylene;HallKierAlpha;fr_C_S;fr_thiocyan;fr_ketone_Topliss;VSA_EState4;VSA_EState5;VSA_EState6;VSA_EState7;VSA_EState1;VSA_EState2;VSA_EState3;fr_HOCCN;fr_NH2;SlogP_VSA12;EState_VSA9;SlogP_VSA10;SlogP_VSA11;fr_COO;NHOHCount;fr_unbrch_alkane;fr_methoxy;fr_thiophene;SlogP_VSA8;SlogP_VSA9;SlogP_VSA4;SlogP_VSA5;SlogP_VSA6;SlogP_VSA7;SlogP_VSA1;SlogP_VSA2;SlogP_VSA3;fr_phos_ester;fr_piperzine;fr_nitrile;NumHeteroatoms;fr_NH1;fr_NH0;BertzCT;LabuteASA;fr_amide;Chi3n;fr_imidazole;SMR_VSA3;SMR_VSA2;SMR_VSA1;Kappa1;SMR_VSA6;Kappa3;Kappa2;EState_VSA6;Chi3v;SMR_VSA9;SMR_VSA8;EState_VSA2;EState_VSA3;fr_Ndealkylation1;EState_VSA1;fr_ketone;SMR_VSA5;Ipc;fr_diazo;SMR_VSA4;fr_Ar_N;fr_Nhpyrrole;EState_VSA7;fr_ester;EState_VSA4;NumHDonors;fr_prisulfonamd;fr_oxime;EState_VSA5;fr_isocyan;Chi2n;Chi2v;HeavyAtomCount;fr_azide;NumHAcceptors;fr_lactam;fr_allylic_oxid;VSA_EState8;fr_oxazole;VSA_EState9;fr_piperdine;fr_Ar_OH;fr_sulfide;fr_alkyl_carbamate;NOCount;Chi1n;PEOE_VSA8;PEOE_VSA7;PEOE_VSA6;PEOE_VSA5;PEOE_VSA4;PEOE_VSA3;PEOE_VSA2;PEOE_VSA1;fr_imide;Chi1v;fr_Al_OH_noTert;fr_epoxide;fr_hdrzone;fr_isothiocyan;fr_bicyclic;Chi0n;fr_phenol;MolMR;PEOE_VSA9;MolecularFormula;fr_aldehyde;fr_pyridine;fr_tetrazole;RingCount;fr_nitro_arom_nonortho;Chi0v;fr_ArN;NumRotatableBonds;nAtom;ALogP;ALogp2;AMR;apol;ECCEN;TopoPSA;MW;WPATH;WPOL;Zagreb;fragC;FMF;C1SP1;C2SP1;C1SP2;C2SP2;C3SP2;C1SP3;C2SP3;C3SP3;C4SP3;BCUTw_1l;BCUTw_1h;BCUTc_1l;BCUTc_1h;BCUTp_1l;BCUTp_1h;bpol;nB;ATSc1;ATSc2;ATSc3;ATSc4;ATSc5;ATSm1;ATSm2;ATSm3;ATSm4;ATSm5;ATSp1;ATSp2;ATSp3;ATSp4;ATSp5;nHBAcc;nHBDon;HybRatio;nAtomLC;nAtomP;nAtomLAC;MDEC_11;MDEC_12;MDEC_13;MDEC_14;MDEC_22;MDEC_23;MDEC_24;MDEC_33;MDEC_34;MDEC_44;MDEO_11;MDEO_12;MDEO_22;MDEN_11;MDEN_12;MDEN_13;MDEN_22;MDEN_23;MDEN_33;MLogP;PetitjeanNumber;nRotB;LipinskiFailures;VAdjMat;XLogP
ChemSpider;12933;;217;1.421;;0;3.9594431489;0;0;1.319814383;8.804435157;0;0;0;0;0;0;0;0;0;0;0;0;0;0;0;221.373;0;0;0;0;0;0;0;0;0;0;0;0;53.71;0;87.4176490109;0;0;0;0;4.2106704434;0;0;0;198.189;0;10.8639610307;6.7426406871;1.3836;0;0;0;0;0;0;0;86;0;0;0;0.0568831169;0;0;0;0;0;0;0;0;0;0;0;1;0;19.0116825555;0;0;0;1;0;0;0;0;0;0;27.192033222;0;6.0440957769;5.7336674772;35.1698374565;13.2780150784;0;0;0;5;0;0;118.205924253;88.0902871606;0;1.7798393687;0;0;0;13.2780150784;14.0568831169;26.3654022995;5.0664194372;8.3721974023;0;4.9312698157;0;0;0;26.3654022995;0;8.804435157;0;33.2361289989;1050.01730927;0;5.7336674772;0;0;20.7712115991;0;12.4649173998;1;0;0;0;0;2.8742793328;5.6063301403;14;0;4;0;0;16.9541666667;0;13.2402777778;0;0;0;0;4;5.3615198641;0;0;0;0;0;0;0;0;0;7.2933715167;0;0;0;0;0;9.5447358277;0;59.1104;0;C9H23NO3Si;0;0;0;0;0;10.5447358277;0;9;37;0.5637;0.31775769;49.5991;40.062239;140;53.71;221.14472031;320;17;56;1114.05;0;0;0;0;0;0;8;1;0;0;11.89;27.9769274168;-0.335427641;0.3122566208;4.7408105708;8.1257562348;44.711761;13;0.5166390636;-0.4138843659;0.3435825196;-0.2095539931;-0.1307302103;21.1512994638;21.8455331633;24.8355677022;25.508436527;23.7157771309;502.6384404112;513.4068085646;600.4041534768;657.1619469399;644.9324150098;4;1;1;8;0;3;0.5;4.7397157393;0;0;4.7860843057;0;0;0;0;0;0;0;1.5;0;0;0;0;0;0;1.9;0.4285714286;9;0;4.7004397181;1.47
ChemSpider;8101273;;;1.4501;;0;3.5811337072;0;0;1.8589718743;8.804435157;0;0;0;0;0;0;0;0;0;0;0;0;0;0;0;278.469;0;0;0;0;0;0;0;0;0;0;0;0;65.74;5.316788604;112.24477205;0;0;0;0;3.3838518686;0;0;0;248.229;0;13.6923881554;8.7426406871;1.3633;0;0;0;0;0;0;0;110;0;0;0;0.0168831169;0;0;0;0;0;0;0;0;0;0;0;1;0;19.0116825555;0;0;0;2;7;0;0;0;0;0;32.1041081146;0;6.0440957769;11.0504560812;49.7680969986;13.2780150784;0;0;0;6;1;0;172.44079552;112.734975687;0;3.0772065415;0;5.316788604;0;13.2780150784;18.0168831169;40.9636618416;8.1771316406;12.0713920249;21.3293926238;5.9091577715;0;0;0;0;0;8.804435157;0;38.1482038915;8690.12610572;0;5.7336674772;0;0;0;0;38.5200082405;2;0;0;19.2624648688;0;4.3518272252;7.4425975003;18;0;5;0;0;16.0893174242;0;21.1051270202;0;0;0;0;5;6.8060257693;0;0;0;0;0;0;0;0;0;8.7378774219;0;0;0;0;0;12.1660561713;0;76.5971;0;C12H30N2O3Si;0;0;0;0;0;13.1660561713;0;13;48;-1.7367;3.01612689;61.0885;51.10979;350;65.74;278.20256959;829;21;72;1903.06;0;0;0;0;0;0;4;5;0;0;11.9962189179;27.976927677;-0.3673050274;0.3115002037;4.3384303562;7.4482535426;53.02421;17;0.6029901997;-0.4918351095;0.401045579;-0.3023886948;-0.0345302869;25.5112797651;26.1778970297;28.1716556371;25.8257302936;20.0555891345;724.8158010931;729.5630379913;787.8709868479;790.6292072928;662.3761962887;5;2;1;14;0;6;0.75;3.8618100338;0;0;11.658214464;0;0;0;0;0;0;0;1.5;0;0.1428571429;0;0;0;0;2.12;0.4615384615;13;1;5.0874628413;1.247
ChemSpider;4880347;1.7;;1.84;178;0;10.8088183836;0;0;8.2869363329;51.9918515596;0;0;0;0;0;0;0;0;0;0;0;0;211.273494233;0;0;880.912;0;0;0;0;8;0;2;-7.9050534926;0;0;0;0;164.88;0;0;22.2370675802;19.6745062728;0;22.9980473331;1.066585911;0;36.0137427049;0;852.688;0;44.0696098961;30.8613802433;10.4362;0;0;0;0;2;0;0;310;0;0;0;-8.2;0;0;0;0;0;0;0;0;0;0;0;0;19.6745062728;9.4737259076;0;22.9980473331;0;0;0;0;0;54.8190208195;0;0;0;208.618360555;0;31.7107934878;9.1341992956;16.8355939687;0;0;0;14;0;2;3678.73117722;361.775370236;0;11.4483537042;0;9.1341992956;0;26.3093198763;38.7029018579;0;6.0233225867;14.170128037;60.6636706846;15.0194255716;45.4997228659;0;86.2720990714;11.1269029834;0;41.911573853;0;19.5819339021;3.6635815948e+14;0;0;2;0;0;0;9.1341992956;0;0;0;109.194607232;0;15.1600703558;19.0594355897;64;0;12;0;0;56.655138622;0;112.749914871;0;0;0;0;12;19.7073676313;44.4500794237;132.454244353;36.3982024108;0;0;25.9697932642;19.1781487363;9.4737259076;0;22.6736941265;0;0;0;0;1;32.9592142139;0;240.968;30.9567064514;C50H28N2O10S2;0;2;0;27;0;34.5922073757;0;0;92;2.0514;4.20824196;266.1314;122.690204;2580;178.26;880.11853732;18250;136;376;6372.14;0.875;0;0;4;38;8;0;0;0;0;11.9882566204;31.9730775044;-0.3481535717;0.3203463768;5.9328012442;12.1074392195;55.185796;74;1.144631265;-0.5637770567;0.209724935;-0.2580457638;0.2888733473;84.7201570349;94.558566041;139.0923611039;164.3037800535;161.9481366342;5921.4952285109;7290.2237771046;11049.922913989;12573.7218548306;12125.577942692;10;0;0;20;64;0;0;0;0;0;0;0;0;0;0;0;2.8396093344;1.8225244841;0.0666666667;0;0;0;0;0;0.1428571429;5.42;0.1052631579;0;1;7.2094533656;9.472
ChemSpider;92802;;54;1.3;;1;0.6151493844;0;0;0.6151493844;6.0370142957;0;0;12;0;0;0;0;0;0;0;0;0;0;0;0;332.04;0;0;0;0;0;0;0;0;0;0;0;0;26.3;0;36.2755501687;0;0;0;0;5.7339568044;0;57.4795177562;0;332.04;0;16.7844570504;8.4004824542;3.5176;0;0;0;1;1;0;11;120;0;0;0;-1.21;0;0;0;0;0;0;0;0;0;0;0;0;0;0;52.6849805721;0;0;0;0;0;0;0;0;0;0;0;0;0;36.2755501687;9.5314001379;0;0;0;14;0;0;380.389235933;99.8254537645;0;1.6077902553;0;0;0;62.21638071;18.79;0;2.9313061038;4.6643862563;0;1.6077902553;0;0;0;0;0;36.2755501687;0;30.238535873;4770.49346542;0;0;0;0;0;0;0;0;0;0;4.7368629538;0;3.0577124082;3.0577124082;20;0;2;0;0;143.013829365;0;-28.5971626984;0;0;0;0;2;3.8801592738;0;0;0;0;52.6849805721;0;9.5314001379;0;0;3.8801592738;0;0;0;0;0;8.352070257;0;33.043;0;C6F12O2;0;0;0;0;0;8.352070257;0;6;20;3.86;14.8996;34.3607;18.848;214;26.3;331.97066788;716;39;106;19.14;0;0;0;1;0;0;3;2;0;0;11.9975235062;19.0096192363;-0.2619186685;0.4631768715;2.935875;6.5005104925;17.31;19;1.5795795866;-0.4904201578;-0.5927894795;0.2668688776;0.203710952;39.5734677396;26.9776972697;60.4998307202;76.198275071;61.896713273;357.90266525;423.9156925;647.1622419844;670.41793125;528.7383222188;2;0;0.8333333333;8;1;3;0;0;0;0;0;0;0;0;1.9192597482;4.5087977139;0;0.3333333333;0;0;0;0;0;0;0;0.58;0.4285714286;6;0;5.2479275134;4.101
ChemSpider;24603649;1.6;;1.693;253;0;13.9932411327;0;0;11.471359082;62.7642999886;0;0;6;0;0;0;0;0;0;0;0;0;312.346550081;0;0;1335.194;0;0;0;0;10;0;2;-8.2151463499;0;0;0;0;243.02;0;12.3525970349;44.4741351604;19.6745062728;0;22.9980473331;0.6269798874;0;81.5343817273;0;1298.906;0;67.6546673759;45.6471110748;12.9946;0;0;0;0;2;0;6;474;0;0;0;-12.16;0;0;0;0;0;0;0;0;0;0;0;0;19.6745062728;9.4737259076;26.342490286;22.9980473331;0;0;0;0;0;76.9662417978;0;0;11.1269029834;276.327445839;0;53.947861068;30.6209956261;16.8355939687;0;0;0;26;0;4;5780.69468216;531.841597401;0;16.2004083227;0;18.2683985912;0;52.6518101623;61.3510342673;0;10.302871577;22.2708702198;24.2654682738;19.77148019;56.8744954153;0;108.41932005;32.3938364159;0;87.6281414515;0;31.934530937;1.3059218815e+25;0;0;4;0;0;0;69.7978699802;0;0;0;121.327341369;0;21.9630599817;25.8624252157;96;0;18;0;0;138.811379576;0;146.070433441;0;0;0;0;18;28.3801666995;12.1327341369;168.852446763;48.5309365477;0;26.342490286;35.1039925598;38.3562974726;9.4737259076;0;31.3464931947;0;0;0;0;4;48.3732235583;0;341.336;96.5481756999;C70H36F6N4O14S2;0;0;0;14;0;50.0062167202;0;15;132;4.3296;18.74543616;369.7718;171.974548;8234;253.02;1334.15736344;82186;190;558;11905.26;0.7916666667;0;0;8;48;12;2;0;0;0;11.9973256881;31.9730811846;-0.3108320509;0.4372700854;3.6460609911;12.1070230855;78.941452;109;2.2735994744;-1.2649464518;0.6694505992;-0.6072270675;0.4451142074;129.5502586138;135.3747362177;212.4670063695;231.595764625;221.4606913682;7634.853805181;9393.8884547942;14222.697014487;15238.2179145458;14249.8312289194;4;0;0.0285714286;50;88;0;0;0;0;0;0;0;3.8941467488;0;3.7625397689;0.0212765957;4.2853503583;1.9117126502;0.0526315789;0;0;0;0;0;0.3227439613;6.3;0.4897959184;15;2;7.7681843248;13.434
ChemSpider;24603647;1.6;;1.731;431;0;26.6039627497;0;0;21.5601986482;136.301048406;0;0;6;0;0;0;0;0;0;0;0;0;547.885512588;0;0;2316.226;0;0;0;0;20;0;4;-16.6212403385;0;0;0;0;407.9;0;12.3525970349;66.7112027406;39.3490125457;0;45.9960946663;0.3723519519;0;117.548124432;0;2247.682;0;116.862105474;80.5084913181;25.7372;0;0;0;0;4;0;6;820;0;0;0;-21.4;0;0;0;0;0;0;0;0;0;0;0;0;39.3490125457;18.9474518152;26.342490286;45.9960946663;0;0;0;0;0;153.330159475;0;0;11.1269029834;509.211274668;0;85.6586545558;39.7551949216;33.6711879373;0;0;0;40;0;6;11495.1984874;937.61181894;0;29.6547450911;0;27.4025978867;0;78.9611300386;105.541230487;0;17.5153461879;39.2225419993;60.6636706846;36.7968888257;102.374218281;0;216.236315979;43.5207393993;0;129.539715305;0;51.516464839;3.62443762257e+59;0;0;6;0;0;0;42.533866865;0;0;0;315.45108756;0;39.3791134017;47.1778438695;168;0;30;0;0;200.019678857;0;269.434894814;0;0;0;0;30;50.9208676641;121.217504134;325.57215939;84.9291389585;0;26.342490286;61.0737858241;57.5344462089;18.9474518152;0;56.8535206545;0;0;0;0;0;85.6418388489;0;617.316;84.4150884356;C128H68F6N6O24S4;0;6;0;26;0;88.9078251726;0;26;236;7.4698;55.79791204;672.2972;311.411924;24904;431.28;2314.30720092;423458;356;986;40065.4;NA;0;0;12;90;24;2;0;0;0;11.9973154202;31.9751061316;-0.3108320509;0.437820162;3.662210184;12.1100265151;138.500076;193;3.4141552869;-1.8474520294;0.7912382148;-0.7428597322;0.6471020376;222.2704156487;239.9333022587;367.5593674734;426.5642724113;426.7302915522;14741.7990224861;18245.2029683719;27840.4582189436;31865.2358898943;30758.5094459125;26;0;0.015625;86;160;0;0;0;0;0;0;0;4.293567375;0;3.9119926112;0.0120481928;0;3.9085003985;0.2280408002;0;0;0;0;0;0.5063261162;11.14;0.4941176471;26;3;8.5924570373;25.438
ChemSpider;98294;1.1;648;1.551;65;0;4.3661668143;0;0;4.3661668143;0;0;0;0;0;0;0;0;0;0;0;0;0;110.277662693;0;0;534.741;0;0;0;0;2;0;0;0;0;0;0;0;65.4;74.2285048693;0;0;0;0;36.9207203711;1.9092056971;0;10.2130547897;0;488.373;0;28.6751513396;18.7254437416;4.8399;0;2;0;0;2;0;0;212;0;0;0;-3.16;0;0;0;0;0;0;0;0;0;0;0;0;0;9.4737259076;0;11.4990236666;0;2;0;0;0;0;0;0;24.9743773828;99.1507597094;0;9.4737259076;84.7031093914;5.4149904694;0;0;0;6;0;2;915.504441139;234.729094903;0;6.5238710083;0;9.7998194617;0;19.6867806973;32.0542079904;52.4823023645;10.8527329134;16.7258248465;0;6.5238710083;11.4990236666;0;18.6287543984;39.2685384355;0;12.2079327755;0;31.4703976443;250187204.432;0;0;0;0;48.5695487012;0;22.62592665;2;0;0;0;0;10.1951967103;10.1951967103;39;0;6;0;0;0;0;85.5833333333;0;0;0;0;6;13.4410768309;44.6835289049;35.3923712572;62.4170231006;26.3157427344;0;0;9.7998194617;19.6867806973;0;13.4410768309;2;0;0;0;0;23.6735361058;0;161.6836;0;C33H46N2O4;0;0;0;2;0;23.6735361058;0;20;85;4.0558;16.44951364;170.9971;94.160478;1436;65.4;534.34575832;6736;56;184;5914.06;0.3333333333;0;0;4;14;2;10;2;0;1;11.9961065703;15.9993112999;-0.4129069209;0.1158125286;5.3370877073;11.6694571795;58.079522;40;0.6804387696;-0.3092857247;-0.2508607316;0.223877456;0.1644509302;42.8178367447;42.9896434619;56.3180113704;61.6455047271;59.7636590112;2546.1273575952;2834.3321735155;3686.3516134004;3842.3187621944;3582.1799276132;4;2;0.3939393939;25;7;3;1.2305793988;14.3183487652;4.4821332903;1.1447142426;0;21.4167868488;3.7067823361;2.7287381726;1.975901268;0;0.0625;0.6405126152;0.1;0;0;0;0;0;0.0555555556;4.43;0.5;20;2;6.3219280949;5.986
ChemSpider;69376;;;1.5797;;0;19.6335920194;0;0;5.2524383795;51.1293289387;0;0;0;0;0;0;0;0;0;0;0;0;151.659176712;0;0;546.891;0;0;0;0;5;0;0;0;0;0;0;0;18.46;171.300210773;230.659833908;0;0;0;0;1.6927182137;0;0;0;512.619;0;26.478634438;18.44007214;4.7782;0;0;0;0;0;0;0;190;0;0;0;-3.3293506494;0;0;0;0;0;0;0;0;0;0;0;0;0;8.2302941969;0;0;0;0;0;0;0;0;0;0;0;151.659176712;19.641034061;25.9336282284;25.1957007103;8.2302941969;0;0;0;5;0;0;1260.88807106;229.617972598;0;7.3945459067;0;0;0;8.2302941969;26.284639819;0;5.2947594302;11.1905297717;0;20.8990207533;0;0;0;0;0;25.1957007103;0;19.641034061;535307442.661;0;0;0;0;0;0;5.1867256457;0;0;0;20.7469025827;0;10.0464535141;20.5906027218;38;0;2;0;0;15.2254535147;0;58.1912131519;0;0;0;0;2;13.1199145935;0;0;0;0;0;0;0;0;0;20.2529077554;0;0;0;0;0;22.2502533107;0;167.404;0;C33H34O2Si3;0;0;0;5;0;25.2502533107;0;9;72;9.2784;86.08870656;172.1604;98.494962;790;18.46;546.18666019;4008;67;204;4370.05;0.9210526316;0;0;0;30;0;0;0;0;0;11.85;27.9789332444;-0.3433464021;0.2097406364;6.6534773589;11.4045025289;84.441038;42;0.3279913137;-0.2106318774;0.0799435288;-0.0423776739;-0.0081814248;52.9526742389;61.1664783976;86.4147799177;101.9820501227;107.1976315426;2531.5079411347;3011.3014342325;4345.158219321;4914.2672709047;5266.311104862;2;0;0.0909090909;13;6;0;0.6551853486;13.9078136498;4.2404986622;0;0;27.1838359135;0;2.4417967097;0;0;0;0;0.5;0;0;0;0;0;0;4.54;0.5;9;1;6.3923174228;11.657
ChemSpider;2297786;1.1;152.1;1.513;3;0;1.7390288546;0;0;1.7390288546;0;0;0;0;0;0;0;0;0;0;0;0;0;0;0;0;111.188;0;0;0;0;0;0;0;0;0;0;0;0;3.24;4.8999097309;0;0;0;0;0;1.9218146147;0;0;0;98.084;0;5.3973412255;3.9663264952;1.2446;0;0;0;0;0;0;0;46;0;0;0;-0.04;0;0;0;0;0;0;0;0;0;0;0;0;0;0;0;0;0;0;0;0;0;0;0;0;25.6832864917;0;0;0;24.0312633718;0;0;0;0;1;0;1;78.3876155629;50.6770750774;0;2.4986090886;0;4.8999097309;0;0;4.8030325255;13.0895128118;0.5756305551;1.7283806669;0;2.4986090886;0;0;0;0;0;0;0;31.7251273209;84.4839617386;0;0;0;0;0;0;6.0418408292;0;0;0;38.7727993035;0;2.9742493216;2.9742493216;8;0;1;0;0;0;0;12.3333333333;1;0;0;0;1;3.7071510027;6.0418408292;32.3519776806;6.4208216229;0;0;0;0;4.8999097309;0;3.7071510027;0;0;0;0;1;5.2672045518;0;33.829;0;C7H13N;0;0;0;2;0;5.2672045518;0;0;21;-1.166;1.359556;27.3667;22.088309;62;3.24;111.10479952;58;7;42;428.01;1;0;0;0;0;0;2;5;0;0;11.9;14.0030775573;-0.2998185;0.0564469619;6.6401012646;7.9822615835;16.191691;9;0.0907263959;-0.0492749082;-0.0032270845;0.0063545036;0.0007842912;8.3599803013;9.4985457995;10.4985457995;7.1661819332;2;413.3974282344;473.6204910469;524.5723049688;349.7848650156;92.1368486094;1;0;1;5;0;7;0;0;0;0;7.1862365662;3.532775529;0;0;0;0;0;0;0;0;0;0;0;0;0;2.12;0.25;0;0;4.1699250014;1.112
ChemSpider;49071664;1.1;828.3;1.499;205;2;6.1133860251;0;0;4.5697971029;23.7001791911;0;0;0;0;0;0;0;0;0;0;0;0;0;0;0;682.878;0;1;0;0;0;0;0;1.9027363103;0;0;0;0;179.32;15.950365812;6.0311145123;0;5.9071797294;0;0;1.1714417393;0;9.5890743681;0;624.414;0;32.756809031;22.7027086004;-0.0635;0;0;0;2;9;0;0;270;0;0;0;-1.31;0;0;0;0;0;0;0;0;0;0;0;1;11.7618849494;48.3654340614;4.7945371841;0;0;4;28;0;0;0;0;0;25.6832864917;0;0;21.6840332892;167.03815571;47.4263037683;0;0;0;16;3;0;746.97526413;277.768448577;3;6.8874509102;0;15.950365812;0;52.2208409523;40.8631769204;137.76624178;22.2940446783;29.8003448648;0;8.3960899706;0;0;24.0219759;143.684147826;0;0;0;43.01690618;14970996265.6;0;5.7336674772;0;0;11.7618849494;0;25.0153184755;4;0;0;0;0;10.5176228012;11.7897883282;46;0;13;0;0;0;0;101.763930356;0;0;1;0;15;16.5546466966;30.5131260715;12.8416432459;6.4208216229;0;11.7618849494;4.7945371841;4.7945371841;64.3157998734;0;17.6034014866;0;0;0;0;1;27.386050092;0;173.3925;131.00755702;C30H58N4O11S;0;0;0;2;0;28.2025466729;0;35;104;-3.5455;12.57057025;166.4055;107.595994;2917;204.62;682.38228014;15105;49;200;8955.16;0.1739130435;0;0;1;0;0;21;7;0;0;11.9942458204;31.9720734194;-0.3783834518;0.2724721153;4.4742304676;11.5317010535;86.166006;47;2.1038314195;-1.1065834461;-0.7052768354;1.6182212842;-0.9333872512;62.0868336345;58.144683484;67.5027418039;64.1924668663;56.1444115948;2294.860161905;2466.7548978286;2929.5483286365;2549.753876785;2203.0350686725;15;4;0.9333333333;41;4;9;0;0;0;0;0;9.5613906851;0;3.4629637679;0;0;0.1;0.957361382;4.3950415784;0;0.084683364;0;0.5723571213;0;0;3;0.5;35;2;6.5545888517;-2.233
ChemSpider;17346163;1.2;736.5;1.472;195;0;3.0599784999;0;0;3.0599784999;11.9386105759;0;0;0;0;0;2;0;0;0;0;2;0;0;0;0;690.777;0;0;0;0;0;0;0;0;0;0;0;0;194.59;0;11.9386105759;0;0;0;0;3.0513867795;0;9.5890743681;0;632.313;0;34.146078567;23.1258976577;0.1516;0;0;0;2;13;0;0;280;0;0;0;-1.58;0;0;0;0;0;0;0;0;0;0;0;0;0;71.7922731891;0;0;2;2;38;0;0;0;0;0;12.8416432459;0;0;0;193.930596443;71.1682927675;0;0;0;17;0;0;591.531658043;277.710172033;0;5.384631838;0;0;0;81.3813475572;45.42;171.778931077;44.42;40.5941949157;0;5.384631838;0;0;26.0554071749;158.565167148;0;11.9386105759;0;12.8416432459;10690818633.5;0;0;0;0;0;0;0;2;0;0;0;0;9.2483187505;9.2483187505;47;0;15;0;0;0;0;116.833333333;0;0;0;0;17;16.0681221666;0;0;0;0;0;0;9.5890743681;71.7922731891;0;16.0681221666;0;0;0;0;0;27.8171414212;0;165.1526;184.620574323;C30H58O17;0;0;0;0;0;27.8171414212;0;42;105;-2.1117;4.45927689;167.1025;105.107994;3078;194.59;690.36740086;17208;44;186;8654.17;0;0;0;2;0;0;26;2;0;0;11.9961137321;16.0113161532;-0.3787674214;0.2812266042;3.6083214286;6.3361810718;90.230006;46;2.7618889233;-1.3320379403;-1.1021547467;1.8893240329;-0.6693902087;60.1659736042;55.962759314;58.5116973851;55.2861802893;54.0680835933;1697.4683987771;1690.4282558865;1693.7847041153;1626.2114421313;1584.2172686414;17;2;0.9333333333;45;2;3;0;0;0;0;0;3.5544689981;0;0.0238095238;0;0;0.3820962724;2.8351283656;7.0717389298;0;0;0;0;0;0;2.89;0.5;42;2;6.5235619561;-3.18
ChemSpider;17339164;1.1;807.2;1.469;227;0;4.2271663899;0;0;4.2271663899;0;0;0;0;0;0;0;0;0;0;0;0;0;0;0;0;897.107;0;0;0;0;0;0;0;0;0;0;0;0;227.41;0;0;0;0;0;0;3.0578687982;0;0;0;812.435;0;43.71930009;30.4142135624;-0.7808;0;0;0;0;19;0;0;368;0;0;0;-0.84;0;0;0;0;0;0;0;0;0;0;0;2;0;101.467731077;0;0;0;2;56;0;0;0;0;0;0;0;0;11.4673349543;264.151027463;90.0003961222;0;0;0;21;0;0;702.339110865;364.809134244;0;7.2205298177;0;0;0;90.0003961222;60.16;264.151027463;59.16;59.16;0;7.2205298177;0;0;0;264.151027463;0;0;0;0;1.32578647899e+13;0;11.4673349543;0;0;0;0;0;2;0;0;0;0;12.2124265474;12.2124265474;61;0;21;0;0;0;0;134.5;0;0;0;0;21;21.7861516955;13.0895128118;0;0;0;0;0;0;101.467731077;0;21.7861516955;0;0;0;0;0;37.1956893047;0;223.6698;251.061514651;C40H84N2O19;0;0;0;0;0;37.1956893047;0;58;145;-3.9637;15.71091769;227.6951;143.848612;5400;227.41;896.56682914;37820;58;238;17076.21;0;0;0;0;0;0;40;0;0;0;11.9932014228;16.013125701;-0.3780165924;0.1102978499;4.5312465138;6.3274324214;126.913388;60;3.5267130071;-1.7434108887;-1.7535619831;3.41373183;-1.6572547883;76.4348722778;72.9518589974;71.9518589974;73.0473658339;69.2876750431;2288.1258862507;2264.4819742624;2230.4965651604;2195.6932563936;2158.6767048848;21;2;1;61;0;2;0;0;0;0;0;0;0;0;0;0;0;0;0;0.0166666667;0;0;0;0;0;3.55;0.5;58;2;6.9068905956;-4.952
ChemSpider;29354498;1.1;628.8;1.461;148;0;2.602931996;0;0;2.602931996;5.969305288;0;0;0;0;0;1;0;0;0;0;1;0;0;0;0;588.688;0;0;0;0;0;0;0;0;0;0;0;0;148.06;0;5.969305288;0;0;0;0;3.0268883558;0;4.7945371841;0;536.272;0;29.0331943919;19.77005561;0.2901;0;0;0;1;12;0;0;240;0;0;0;-1.01;0;0;0;0;0;0;0;0;0;0;0;0;0;61.9488828404;0;0;1;1;33;1;0;0;0;0;6.4208216229;0;0;0;170.143915408;61.6368926297;0;0;0;14;0;0;486.317385728;238.181102494;0;4.6121448366;0;0;0;66.7434200245;38.99;159.068082725;36.99;36.0163227165;7.1097975413;4.6121448366;0;0;13.0277035874;145.351403219;0;5.969305288;0;6.4208216229;416730413.923;0;0;0;0;0;0;0;1;0;0;0;0;7.8726346157;7.8726346157;40;0;13;0;0;0;0;94.6666666667;0;0;0;0;14;13.8290607197;7.1097975413;0;0;0;0;0;4.7945371841;61.9488828404;0;13.8290607197;0;0;0;0;0;24.22500412;0;143.1378;158.379106807;C26H52O14;0;0;0;0;0;24.22500412;0;36;92;-1.6851;2.83956201;145.275;91.661236;2241;148.06;588.33570676;10623;37;156;6721.14;0;0;0;1;0;0;23;1;0;0;11.9961256439;16.0083361287;-0.3822153337;0.2810960377;3.6093029007;6.3322864634;80.796764;39;2.3840036938;-1.1827464534;-0.9918155208;1.8565340457;-0.8058289861;50.8425664976;47.6343914054;48.0767684639;46.5154353223;44.854961568;1437.8925499425;1424.4727750336;1412.58821625;1362.0382579053;1322.4371030438;14;1;0.9615384615;39;2;3;0;1.5862426507;0.027027027;0;0;1.7715236097;0;0;0;0;0.5;1.3963675244;6.3927429258;0;0;0;0;0;0;2.78;0.5;36;2;6.2854022189;-2.53
ChemSpider;21884608;1.3;959.3;1.53;326;6;7.2311389678;0;0;5.5082966118;57.1551254461;0;0;0;0;0;0;0;0;0;0;0;0;0;0;0;1109.27;0;0;0;0;0;0;0;3.4957062687;0;4;0;0;275.04;0;11.9386105759;23.6287189174;0;0;0;1.1107946888;0;28.7672231044;0;1028.63;0;53.0452090247;36.3799178531;0.628;0;0;0;6;16;0;0;430;0;0;0;-2.72;0;0;0;0;0;0;0;0;0;0;0;0;21.5877959528;85.4649844283;0;0;0;0;51;0;0;0;0;0;38.5249297376;0;0;0;268.619695021;114.232207533;0;0;0;28;0;2;1294.55136882;441.236857076;4;9.2122510786;0;10.1264354499;0;114.232207533;67.3899150478;222.925930078;41.4448197265;51.0599189348;21.5877959528;11.5455844119;0;0;64.9524575956;195.119130456;0;35.5673294933;0;38.5249297376;8.34644619492e+15;0;0;0;0;0;0;11.5057072135;0;0;0;0;0;15.032209986;17.7343246501;74;0;26;0;0;0;0;179.170960398;0;0;0;0;26;24.995510311;37.1889937052;0;21.5877959528;10.1264354499;0;9.5890743681;19.1781487363;85.4649844283;2;27.4835441827;0;0;0;0;0;42.7931539905;0;261.612;224.26186611;C46H80N2O24S2;0;0;0;2;0;44.4261471524;0;59;154;-2.38;5.6644;266.352;161.55144;7440;325.64;1108.45424408;64997;81;318;18623.28;0.9189189189;0;0;6;0;0;34;6;0;0;11.9882679037;31.9730788659;-0.3787664665;0.3099269555;4.3684464544;10.4167570859;131.29256;75;3.9431028982;-1.815921825;-1.4502129073;2.3878706305;-0.9392529342;105.5627235324;99.5226534597;110.0510638705;110.809754601;101.3868585688;3284.696746037;3406.0141585754;3739.5146365671;3476.2454744456;3253.6595710625;22;0;0.8695652174;64;8;4;0;0;0;0;0;0;0;0.8838162686;0;0;0.6892367968;4.5955847569;0;0;0;0;0;0;0.0169491525;3.44;0.4920634921;59;2;7.2288186905;-4.462
ChemSpider;17345687;1.1;559.7;1.477;150;0;1.9945826564;0;1;1.8654832115;18.598094436;0;0;0;0;0;1;0;0;0;0;1;0;0;0;0;458.57;0;0;0;0;0;0;0;4.0461762694;0;0;0;0;111.14;12.628789148;5.969305288;0;0;0;0;2.9946677725;0;4.7945371841;0;420.266;0;21.96212658;14.77005561;0.5237;0;0;0;1;8;0;0;180;0;0;0;-0.5;0;0;0;0;0;0;0;0;0;0;0;0;12.628789148;43.0014310252;0;0;1;1;23;0;0;0;0;0;6.4208216229;0;0;0;122.538797722;42.6894408145;0;0;0;11;0;0;349.276814164;184.327393439;0;3.2999490471;0;0;0;47.7959682093;29.5;111.462965039;27.5;26.5350877193;0;3.482523233;0;0;13.0277035874;99.1032294677;0;5.969305288;0;6.4208216229;3141733.76745;0;0;0;0;0;0;5.7528536068;2;0;0;0;0;5.7663248265;6.213538422;30;0;10;0;0;0;0;68.8427126195;0;0;0;0;10;10.2163142531;5.7528536068;0;0;0;12.628789148;0;4.7945371841;43.0014310252;0;10.8487697851;0;0;0;0;0;17.7965838665;0;112.6578;112.130933055;C19H38O10S;0;0;0;0;0;18.6910110575;0;26;68;-0.7296;0.53231616;113.5203;69.698134;1231;149.94;458.21856872;4468;27;116;3619.11;0;0;0;1;0;0;17;1;0;0;11.9961570992;31.9720725803;-0.3786653917;0.2810308244;3.609308655;7.6838059116;60.107866;29;1.6658795156;-0.8041252663;-0.6786253096;1.1698132327;-0.4307838561;43.8724433939;36.6474407929;37.4219098285;35.9739586318;33.8680109555;1138.0765352776;1113.4389383269;1085.7483431998;1027.8970309043;986.2977266508;10;1;0.9473684211;29;2;3;0;0;0;0;21.3165713375;1.75832318;0;0;0;0;0.5;1.2766674201;3.7468612099;0;0;0;0;0;0;2.34;0.5;26;1;5.8579809951;-1.098
ChemSpider;17345686;1.1;423.7;1.46;103;0;1.5375361524;0;1;1.4084367076;12.628789148;0;0;0;0;0;0;0;0;0;0;0;0;0;0;0;356.481;0;0;0;0;0;0;0;4.0435862805;0;0;0;0;64.61;12.628789148;0;0;0;0;0;2.9219621944;0;0;0;324.225;0;16.8492424049;11.4142135624;0.6622;0;0;0;0;7;0;0;140;0;0;0;0.07;0;0;0;0;0;0;0;0;0;0;0;0;12.628789148;33.1580406766;0;0;0;0;18;1;0;0;0;0;0;0;0;0;98.7521166867;33.1580406766;0;0;0;8;0;0;190.264413357;144.798323899;0;2.5274620457;0;0;0;33.1580406766;23.07;98.7521166867;22.07;22.07;7.1097975413;2.7100362316;0;0;0;85.8894655387;0;0;0;0;119072.772358;0;0;0;0;0;0;5.7528536068;1;0;0;0;0;4.3906406918;4.8378542873;23;0;8;0;0;0;0;46.6786359418;0;0;0;0;7;7.9772528062;12.862651148;0;0;0;12.628789148;0;0;33.1580406766;0;8.6097083383;0;0;0;0;0;14.2044465654;0;90.643;85.8894655387;C15H32O7S;0;0;0;0;0;15.0988737564;0;20;55;-0.303;0.091809;91.6928;56.251376;726;103.41;356.18687462;2024;20;86;2410.08;0;0;0;0;0;0;14;0;0;0;11.9984429814;31.9726779805;-0.3820834101;0.0837314327;4.2275604935;7.692274002;50.674624;22;1.2859393837;-0.6539032813;-0.5671712691;1.1351565831;-0.5664893593;34.5490362872;28.3190728844;26.9869809073;27.2032136649;24.6548889301;878.5006238978;847.4833814754;804.5517329261;763.7236249412;724.5171457102;7;0;1;23;0;2;0;1.4794547363;0;0;15.7748811711;0;0;0;0;0;0;0;3.1110860898;0;0;0;0;0;0;2.23;0.5;20;1;5.4594316186;-0.448
ChemSpider;17339188;1.1;669.5;1.462;157;1;3.1336965302;0;0;3.1336965302;5.969305288;0;0;0;0;0;0;0;0;0;0;0;0;0;0;0;674.822;0;0;0;0;0;0;0;0;0;0;0;0;157.29;0;5.969305288;0;0;0;5.601050811;3.0876019512;0;4.7945371841;0;612.326;0;33.6545147355;22.4545070219;0.9097;0;1;0;1;13;0;0;276;0;0;0;-1.05;0;0;0;0;0;0;0;0;0;0;0;0;0;66.6857457942;0;0;0;1;35;0;0;0;0;0;27.192033222;0;0;0;181.848932607;66.3737555835;0;0;0;15;0;0;606.978015299;275.119358296;0;5.1982632607;0;0;0;71.4802829783;44.95;165.172049113;40.9732828871;36.7801945854;0;5.1982632607;0;0;18.9970088754;158.565167148;0;5.601050811;0;32.793084033;5271221863.42;0;0;0;0;20.7712115991;1;0;1;0;0;0;0;10.4085190023;10.4085190023;46;0;15;0;0;0;0;106.416666667;0;0;0;0;15;16.2103568226;0;20.7712115991;0;0;0;0;4.7945371841;66.6857457942;0;16.2103568226;1;0;0;0;0;28.5474659728;0;167.3758;171.592870736;C31H62O15;0;0;0;0;0;28.5474659728;0;40;108;-1.0422;1.08618084;170.1402;107.931166;2891;157.29;674.40887178;15893;44;186;9379.15;0;0;0;1;0;0;28;1;1;0;11.9961112016;16.0093397722;-0.4184607277;0.2644311609;3.7196547125;8.136810047;93.644834;45;2.5469579174;-1.2508187843;-1.0836660978;1.9678093312;-0.754464568;57.6170355331;54.2985753597;58.7372283495;54.621996335;55.1833294765;1765.7390652143;1772.5772641236;1854.6447183085;1705.4438427317;1705.4014172307;15;1;0.9677419355;43;3;3;1.5;4.1129238435;1;3;0;1.7745946866;1.4722932577;0;0.5;0;0.025;1.6504829378;6.9852720002;0;0;0;0;0;0;3.22;0.5;40;2;6.4918530963;-1.618
ChemSpider;4385544;1.1;547.7;1.465;129;1;2.0443140162;0;0;2.0443140162;6.0932400709;0;0;0;0;0;0;0;0;0;0;0;0;0;0;0;468.588;0;0;0;0;0;0;0;0;0;0;0;0;128.96;5.316788604;6.0932400709;0;0;0;5.601050811;3.1002849807;0;4.7945371841;0;424.236;0;23.7550197989;15.4545070219;0.586;0;0;0;1;8;0;0;192;0;0;0;-1.05;0;0;0;0;0;0;0;0;0;0;0;1;0;43.6285711076;4.7945371841;0;0;2;21;0;0;0;0;0;20.7712115991;0;0;11.0504560812;117.280151197;37.8949036304;0;0;0;11;1;0;409.221783161;191.997730132;1;3.4088606331;0;5.316788604;0;42.6894408145;30.95;105.585860315;26.9845423143;23.11974954;0;3.4088606331;0;0;0;105.585860315;0;11.6942908819;0;26.3722624101;5657968.62793;0;5.7336674772;0;0;20.7712115991;0;0;2;0;0;0;0;7.5039508666;7.5039508666;32;0;10;0;0;0;0;74.4166666667;0;0;0;1;11;11.1656260011;13.0895128118;20.7712115991;0;0;0;4.7945371841;0;48.9453597116;0;11.1656260011;0;0;0;0;0;20.0652933823;0;119.0241;92.4963475032;C21H44N2O9;0;0;0;0;0;20.0652933823;0;26;76;-0.6934;0.48080356;119.2443;75.716892;1337;128.96;468.30468134;5246;30;130;4633.11;0;0;0;0;0;0;19;0;1;0;11.993284153;16.0029714307;-0.3780050838;0.3379754865;4.36770259;8.1230351696;64.387108;31;1.6260866979;-0.9101139208;-0.4577515679;1.2095274548;-0.7989147325;39.6901819224;37.1441094108;41.8593197073;36.916195272;37.8085652543;1253.26186372;1257.3025247702;1335.7852675639;1186.8185253506;1187.0300278497;11;2;0.9523809524;29;4;3;1.5;3.3619044779;1;3;18.5320628369;1.5091267987;1.2203624279;0;0.5;0;0;0.8037348585;3.5546129231;0;0.0416666667;0;0;0;0;2.56;0.5;26;2;5.9541963104;-0.925
ChemSpider;4256166;1.1;667.6;1.467;166;1;2.9239668274;0;0;2.9239668274;6.0932400709;0;0;0;0;0;0;0;0;0;0;0;0;0;0;0;644.8;0;0;0;0;0;0;0;0;0;0;0;0;165.88;5.316788604;6.0932400709;0;0;0;5.601050811;3.0878940923;0;4.7945371841;0;584.32;0;32.2403011731;21.4545070219;0.6524;0;0;0;1;12;0;0;264;0;0;0;-1.21;0;0;0;0;0;0;0;0;0;0;0;1;0;62.5760229228;4.7945371841;0;0;2;33;0;0;0;0;0;20.7712115991;0;0;11.0504560812;170.135206913;56.8423554456;0;0;0;15;1;0;585.959615744;263.371447966;1;4.8968945048;0;5.316788604;0;61.6368926297;42.79;158.440916031;38.8145158127;34.6591299892;0;4.8968945048;0;0;0;158.440916031;0;11.6942908819;0;26.3722624101;1990305675.01;0;5.7336674772;0;0;20.7712115991;0;0;2;0;0;0;0;9.9534406094;9.9534406094;44;0;14;0;0;0;0;100.416666667;0;0;0;1;15;15.4750270778;13.0895128118;20.7712115991;0;0;0;4.7945371841;0;67.8928115268;0;15.4750270778;0;0;0;0;0;27.3551407937;0;162.3001;145.351403219;C29H60N2O13;0;0;0;0;0;27.3551407937;0;38;104;-1.217;1.481089;163.4183;103.67358;2633;165.88;644.40954046;13884;42;178;8717.15;0;0;0;0;0;0;27;0;1;0;11.9932381622;16.0070229115;-0.3780053575;0.3380197089;4.3676963323;8.1230417063;89.54242;43;2.3552276358;-1.2746843897;-0.8223220369;1.9386683927;-1.1634852015;54.7880580646;51.8008452279;56.5160555243;52.0140714141;52.4653010713;1714.9413293118;1718.6804340631;1797.1631817763;1648.4980069681;1648.4079708302;15;2;0.9655172414;41;4;3;1.5;3.7826413983;1;3;0;1.5862426507;1.3481052691;0;0.5;0;0;0.8317267642;6.2254936741;0;0.0277777778;0;0;0;0;3;0.5;38;2;6.4262647547;-1.685
ChemSpider;3831175;1.1;609.8;1.466;147;1;2.4841404218;0;0;2.4841404218;6.0932400709;0;0;0;0;0;0;0;0;0;0;0;0;0;0;0;556.694;0;0;0;0;0;0;0;0;0;0;0;0;147.42;5.316788604;6.0932400709;0;0;0;5.601050811;3.0909598623;0;4.7945371841;0;504.278;0;27.997660486;18.4545070219;0.6192;0;0;0;1;10;0;0;228;0;0;0;-1.13;0;0;0;0;0;0;0;0;0;0;0;1;0;53.1022970152;4.7945371841;0;0;2;27;0;0;0;0;0;20.7712115991;0;0;11.0504560812;143.707679055;47.368629538;0;0;0;13;1;0;496.420086862;227.684589049;1;4.152877569;0;5.316788604;0;52.1631667221;36.87;132.013388173;32.8986779467;28.8673016332;0;4.152877569;0;0;0;132.013388173;0;11.6942908819;0;26.3722624101;106631063.09;0;5.7336674772;0;0;20.7712115991;0;0;2;0;0;0;0;8.728695738;8.728695738;38;0;12;0;0;0;0;87.4166666667;0;0;0;1;13;13.3203265395;13.0895128118;20.7712115991;0;0;0;4.7945371841;0;58.4190856192;0;13.3203265395;0;0;0;0;0;23.710217088;0;140.6621;118.923875361;C25H52N2O11;0;0;0;0;0;23.710217088;0;32;90;-0.9552;0.91240704;141.3313;89.695236;1931;147.42;556.3571109;8881;36;154;6515.13;0;0;0;0;0;0;23;0;1;0;11.9932581203;16.0049951478;-0.3780052209;0.3379971623;4.3676994587;8.1230384313;76.964764;37;1.9906571669;-1.0923991553;-0.6400368024;1.5740979237;-0.981199967;47.2391199935;44.4724773193;49.1876876158;44.465133343;45.1369331628;1484.1015992495;1487.9914829114;1566.4742305351;1417.658276611;1417.7190190532;13;2;0.96;35;4;3;1.5;3.5997090313;1;3;0;1.5538953831;1.2930689614;0;0.5;0;0;0.8201270179;4.8738337135;0;0.0333333333;0;0;0;0;2.78;0.5;32;2;6.2094533656;-1.305
ChemSpider;3795954;;;;162;1;2.336239596;0;0;2.336239596;11.8764850173;0;0;0;0;0;1;0;0;0;0;1;0;10.442840646;0;0;554.594;0;0;0;0;0;0;0;0;0;0;0;0;198.23;20.0796133307;5.969305288;0;5.9071797294;0;13.213763929;3.0978459372;0;9.5890743681;0;512.258;0;27.7821175363;18.6639024601;-0.3531;0;0;0;2;9;0;0;222;0;0;0;-2.11;0;0;0;0;0;0;0;0;0;0;0;0;0;48.532560024;0;0;1;2;25;0;0;10.442840646;0;0;0;5.1142501256;0;5.316788604;148.996400585;52.2208409523;0;0;0;16;1;3;596.67981887;222.22580465;1;4.030191694;0;5.316788604;0;57.3273683472;35.89;132.013388173;31.9195072293;31.1097979477;0;4.030191694;0;0;6.6068819645;118.799624244;0;18.4833669818;0;0;139616859.701;0;5.1142501256;0;0;0;0;0;2;0;0;0;0;7.0899412122;7.0899412122;38;1;12;0;0;0;0;99.3333333333;0;0;0;0;16;12.3548954487;18.0012244591;5.5311289988;5.1142501256;0;0;4.7945371841;4.7945371841;53.055082583;0;12.3548954487;0;0;0;0;0;21.9217212008;0;132.0295;105.710111432;C22H42N4O12;0;0;0;0;0;21.9217212008;0;32;80;-5.147;26.491609;127.9895;80.749306;1968;161.83;554.27992312;8924;36;150;4835.16;0;0;0;2;0;0;20;0;0;0;11.9961413976;16.0063920116;-0.3778895362;0.3042390185;3.3942632036;6.9801331478;66.394694;37;2.1130300905;-1.009120407;-0.9985915089;1.881742371;-0.9047142361;48.7335496316;45.1924379219;47.3265701864;46.0695309901;42.8600288724;1359.9168114763;1360.3990094613;1378.6343803264;1327.8518220565;1288.7138451123;15;2;0.9090909091;36;3;2;0;0;0;0;0;3.5279425743;0;0.25;0;0;0.7211247852;1.9726398913;4.1348166043;0;0.7750182397;0;0.329316878;0;0;2.12;0.4857142857;32;2;6.2094533656;-2.818
ChemSpider;32699217;1.5;1418.5;1.709;404;6;13.8171559643;0;0;9.20923315;88.6366490881;0;0;0;0;0;3;0;0;0;0;3;0;107.685860502;0;0;1048.236;0;0;0;0;3;0;0;3.3140839576;0;0;0;0;327.79;37.217520228;17.9079158639;0;35.4430783761;0;59.7504402753;1.1949787307;0;58.4704168412;0;990.78;0;52.6114262594;33.8219497557;-0.1819;0;0;0;9;0;0;0;384;0;0;0;-6.18;0;0;0;0;0;0;0;0;0;0;0;1;35.2856548482;5.7336674772;0;0;3;11;0;0;0;0;0;0;58.2327776732;90.9955060269;0;42.9511877052;158.309739416;43.1508346566;0;0;0;24;7;1;2613.99553981;426.625020235;6;12.9507823592;0;42.1174299589;0;58.4704168412;53.6148542572;0;11.072222158;21.1146385107;120.405195088;17.5330564117;0;0;11.1269029834;5.5634514917;0;138.090247501;0;126.281676459;2.08424862834e+15;0;5.7336674772;0;0;0;0;23.5237698988;11;0;0;28.7945288172;0;19.3094842535;24.671907171;72;0;15;1;0;0;0;188.435916042;0;0;3;0;21;22.8110088656;14.2410673597;58.2327776732;90.9955060269;35.2856548482;0;4.7945371841;48.9898746806;52.5371024126;0;25.4499672994;0;0;0;0;1;39.8536414049;0;268.0237;10.7477456259;C48H57N9O12S3;0;0;0;7;0;42.3031311477;0;23;129;0.0413;0.00170569;270.4583;150.711201;2855;403.69;1047.32888172;25171;125;392;13113.24;0.6944444444;0;0;9;15;3;9;9;3;0;11.89;31.974082006;-0.3312693434;0.2810252315;4.7359483286;13.0345544766;83.714799;78;2.0331620648;-0.898147617;-0.401233662;0.8300433306;-0.7039594523;102.9167102533;94.9950897502;156.327798945;160.0155709342;187.3361580294;6108.8850434308;7402.7934978332;10724.7606379078;11093.8953220593;11247.4747374743;21;11;0.4375;25;6;4;1.4377243958;7.1808444639;16.3620918145;2.9923962641;14.3591470097;0;3.9177477568;0;9.6206917385;0.2183951162;6.3534495752;0;0;0;0.8748589472;0.0555555556;3.6632125435;0.7805432426;0;4.1;0.5;23;3;7.2854022189;-0.368
ChemSpider;2199;;;1.5735;;0;2.8091973765;0;0;2.8091973765;0;0;0;0;0;0;0;0;0;0;0;0;0;59.6578395311;0;0;340.419;0;0;0;0;2;0;0;0;0;0;0;0;43.52;38.1129426732;0;0;0;0;36.9207203711;1.4124141275;0;0;0;316.227;0;17.2778101141;12.1093229166;3.5677;0;0;0;0;4;0;0;132;0;0;0;-2.04;0;0;0;0;0;0;0;0;0;0;0;0;0;18.9474518152;0;11.4990236666;0;0;0;0;0;0;0;0;24.9743773828;48.5309365477;0;9.4737259076;38.6354606335;14.888716377;0;0;0;4;0;0;636.180837785;148.215494966;0;4.6876478599;0;0;0;18.9474518152;16.4296071472;26.4275278581;4.1418404925;6.6951835052;0;4.6876478599;11.4990236666;0;17.6229232449;13.213763929;0;0;0;31.4703976443;1360885.74424;0;0;0;0;24.2654682738;0;24.7127875956;0;0;0;11.1269029834;0;7.2064468604;7.2064468604;25;0;4;0;0;0;0;50.5833333333;0;0;0;0;4;8.8100809216;5.4149904694;35.3923712572;38.1129426732;0;0;0;0;18.9474518152;0;8.8100809216;0;2;0;0;0;14.7349229785;0;95.482;13.213763929;C21H24O4;0;0;0;4;0;14.7349229785;0;8;49;1.7654;3.11663716;103.8725;56.171032;670;43.52;340.16745944;1766;36;136;2104.04;0.92;0;0;0;10;2;6;2;0;1;11.9966481365;15.998976531;-0.3902574167;0.1258886252;4.7327377744;11.6370386314;33.900968;28;0.6668429678;-0.290991946;-0.1766638781;0.1666927618;0.0018645811;28.0978761422;30.6567358171;36.6567358171;39.5414899339;33.3283679085;1550.0001432364;1816.5455667158;2382.1515785317;2450.3485669519;2091.511233253;2;0;0.4285714286;17;7;3;0.5;5.255258316;2.7849533002;2;13.6253574632;17.9298152987;3.4641016151;2.7287381726;1.975901268;0;0;0;0.7593518423;0;0;0;0;0;0;3.33;0.5;8;0;5.8073549221;4.438
ChemSpider;163569;1.3;776.9;1.549;234;8;3.7705741314;0;0;3.7705741314;59.377084419;0;0;0;0;0;0;0;0;0;0;0;0;99.6922874397;0;0;770.741;0;0;0;0;1;0;0;0;2;0;0;0;234.46;50.1071913096;48.0023118696;0;0;0;63.6850366549;3.2020756673;0;38.3562974726;0;728.405;0;41.4427360531;26.0820159581;3.44002;0;0;0;8;8;0;0;296;1;0;0;-6.98;0;0;0;0;0;0;0;0;0;0;0;0;0;37.8949036304;20.9638469175;0;0;2;0;0;0;0;0;17.7537181385;5.5634514917;94.128835948;0;10.633577208;100.857367586;66.6621267348;0;0;0;18;2;0;1543.907989;315.907253476;2;6.8632836763;0;0;0;76.251201103;46.0408246564;63.4886329241;17.3938389494;23.5549357049;6.9237371997;6.8632836763;0;0;11.3747725494;5.5634514917;0;111.687348524;0;6.9237371997;250458004278;0;10.8299809388;0;0;0;6;36.456120641;2;0;0;18.1991012054;0;11.302975006;11.302975006;55;0;16;0;0;0;0;159.833333333;0;0;0;0;18;15.8233889473;47.8308931904;24.6199228283;45.5399811701;0;0;38.3562974726;10.633577208;37.8949036304;0;15.8233889473;0;0;0;0;0;30.1276200067;0;192.9224;0;C37H42N2O16;0;0;0;1;0;30.1276200067;0;34;97;3.1996;10.23744016;192.6002;108.157306;1937;234.46;770.2534336;14806;78;254;6439.18;0.1090909091;0;0;12;11;1;9;0;0;2;11.79;16.0100802836;-0.312429522;0.3433012535;4.3631036034;11.1437287166;70.226694;55;2.295266549;-1.5674943333;0.9796481069;-1.224932819;2.0944164455;68.1114651712;63.6349351839;87.716165948;95.1036884346;92.6318080946;2946.3177610033;3277.6020975371;4271.8482948948;4589.0770957171;4666.5187728145;18;2;0.2972972973;23;14;3;1.3908480213;12.3717439928;7.9767826482;1.5513503407;16.9975540804;26.4446695447;6.4561129328;7.0544794967;3.5045534148;0.0833333333;2.3124863292;7.7064578307;3.4561088885;0;0;0;0.25;0;0;3.55;0.5;34;2;6.7813597135;3.444
ChemSpider;1266719;1.2;347.9;1.614;43;1;1.1562825719;0;0;1.1562825719;5.7832449464;0;0;0;0;0;0;0;2;0;0;0;0;72.6163695302;0;0;214.22;0;0;0;0;0;0;0;0;0;0;0;0;43.35;0;0;0;0;5.7832449464;11.5204948377;1.9418819269;0;4.7945371841;0;204.14;0;11.2173321818;7.8433365929;2.9505;0;0;0;1;0;0;0;80;0;0;0;-2.29;0;0;0;0;0;0;0;0;0;0;0;0;0;8.8343018741;0;0;0;0;0;0;0;0;0;0;11.5204948377;69.9301765666;0;0;5.7832449464;4.7945371841;0;0;0;3;0;0;441.034803344;92.6841824614;0;1.9100984468;0;0;0;13.6288390582;10.235362076;0;2.8498118619;4.9786519412;48.9438344788;1.9100984468;0;0;5.7832449464;11.5204948377;0;0;1;0;8728.45025105;0;0;0;0;0;0;0;0;0;0;12.1520402137;0;3.099874748;3.099874748;16;0;3;0;2;10.1052754157;0;28.8947245843;0;0;0;0;3;4.8158277641;0;48.5695487012;0;0;0;0;4.7945371841;8.8343018741;0;4.8158277641;0;0;0;0;0;8.4982475633;0;58.907;12.5263259913;C13H10O3;0;0;0;2;0;8.4982475633;0;4;26;0.0858;0.00736164;67.4844;31.95393;273;35.53;214.06299426;533;14;76;489.03;0.9375;0;0;2;11;0;0;0;0;0;11.9937326817;16.0009704151;-0.3679261091;0.1786325602;4.9336164594;8.0253261702;15.72207;17;0.3658886483;-0.1521931417;-0.0168183717;0.009092221;-0.1430851595;18.3234071066;18.6604598857;23.6567358171;15.3283679085;14.3283679085;782.8960792845;855.8608785761;1036.4851499663;729.5785215571;668.6026338555;1;0;0;11;16;5;0;0;0;0;11.5965780273;10.0005999619;0;0.793700526;0;0;0;0.4;0.125;0;0;0;0;0;0;2.56;0.5;4;0;5.0874628413;1.52
ChemSpider;13836520;;50;1.433;;0;0.4470869975;0;0;0.4470869975;0;0;0;0;0;0;0;0;0;0;0;0;0;12.6549557904;0;0;114.144;0;0;0;0;0;0;0;0;0;0;0;0;21.76;6.5789356836;0;0;0;0;6.1039663878;1.803593801;0;0;0;104.064;0;5.8199909563;3.9318516526;0.5878;0;0;0;0;2;0;0;46;0;0;0;-0.34;0;0;0;0;0;0;0;0;0;0;0;0;0;9.4737259076;0;0;0;0;1;0;0;0;0;0;0;12.6549557904;0;0;25.9246122813;9.4737259076;0;0;0;2;0;0;76.5977206057;49.0956178731;0;0.8713732078;0;0;0;9.4737259076;5.7905483029;19.8206458935;2.0947428914;2.8449281825;6.0760201068;0.8713732078;0;0;0;12.7108483523;0;0;0;6.1039663878;145.436783622;0;0;0;0;0;0;13.213763929;0;0;0;0;0;1.7814744144;1.7814744144;8;0;2;0;0;0;0;17.8333333333;0;0;0;0;2;2.734720826;0;0;6.0760201068;6.5789356836;0;0;0;9.4737259076;0;2.734720826;0;1;0;0;0;4.7996242441;0;30.756;19.8206458935;C6H10O2;0;0;0;1;0;4.7996242441;0;4;18;0.3837;0.14722569;30.9199;18.83193;77;21.76;114.06807964;78;5;34;268.02;0.375;0;0;1;1;0;3;1;0;0;11.9968352717;15.9977845241;-0.3902610753;0.1250342556;4.5909803839;6.2482747112;14.76407;8;0.3609534188;-0.1785084474;-0.0636957579;0.0914844802;-0.0287741502;9.5489380711;9.3283679085;6.9962759314;6.4386529898;4.3320919771;254.081564207;257.7952053516;199.3153330781;160.4438639063;125.9767744375;2;0;0.6666666667;7;2;3;0;1.5196713713;0.2;0;2.4068519497;2.1491398636;0;0;0;0;0;0;0.3333333333;0;0;0;0;0;0;1.9;0.5;4;0;4;0.272
ChemSpider;145119;2.2;;2.017;95;0;0.9024859166;0;0;0.9024859166;16.9817407162;0;0;0;0;0;0;0;0;0;1;0;0;21.718665901;0;0;165.112;0;0;2;0;0;0;0;0;0;0;0;0;103.86;25.1127960116;5.6897433982;0;5.8178627778;5.6471772208;5.5167007176;2.9780686085;0;9.7016024281;0;162.088;0;8.5520417639;5.8088617503;-0.9197;0;0;0;0;0;0;0;60;0;0;0;-2.05;0;0;0;0;0;0;0;0;0;0;0;0;0;0;5.8178627778;0;0;2;0;0;0;11.1638779384;0;4.907065244;0;16.2987391867;0;5.6897433982;19.9359140838;0;0;0;0;7;2;3;483.789390841;64.8374260994;0;1.3802004316;1;19.9359140838;0;0;6.6472331686;0;0.7970171907;2.2234937746;0;1.3802004316;0;0;11.4650399986;5.5167007176;0;5.6897433982;0;0;931.147588738;0;5.1768819279;4;2;0;0;0;2;0;0;6.3273200748;0;2.0829931088;2.0829931088;12;0;5;0;0;0;0;36.6666666667;0;0;0;0;7;3.0779995464;0;5.1768819279;0;4.907065244;4.983978521;9.778515705;4.983978521;4.983978521;0;3.0779995464;0;0;0;0;1;5.7354876366;0;40.829;6.3273200748;C5H3N5O2;0;0;0;2;0;5.7354876366;0;1;15;-1.9126;3.65803876;32.4222;17.904379;111;95.28;165.02867436;179;16;62;124.07;0.75;0;0;2;1;0;0;0;0;0;11.999;16.0168733787;-0.2990320246;0.3270755677;3.5890911758;8.632008535;9.155621;13;0.4228163696;-0.2950435164;0.2253940318;-0.1871606459;-0.0142074104;15.3488395775;15.3811909728;21.8760279755;19.7929519646;17.235147426;539.3549309736;635.4988743965;881.4325609883;704.890936002;456.1739804336;2;2;0;6;12;0;0;0;0;0;0;1.5196713713;0;3.532775529;0;0;0.2;0;0;0;0;0;3.5961154666;0;0;1.24;0.4;1;0;4.7004397181;1.066
ChemSpider;81758;1.4;375.8;1.478;103;1;0.7261199616;0;0;0.4137494469;13.7920024111;0;0;0;0;0;0;0;0;0;0;0;0;12.1520402137;0;0;210.122;0;0;0;0;0;1;0;0;0;0;0;0;93.06;15.8395457991;13.7920024111;0;0;0;6.6068819645;3.5312469367;0;9.359585469;0;199.034;0;10.4831276631;5.827185822;0.215;0;0;0;1;1;0;0;76;0;0;0;-0.68;0;0;0;0;0;0;0;0;0;0;0;0;7.8226971231;9.7868232055;0;0;0;2;1;0;0;0;0;0;6.9237371997;12.1520402137;0;0;28.9698924225;18.6201955845;1;0;0;7;0;0;241.509031671;75.4010493056;0;0.9244132417;0;0;0;28.40701879;12.32;13.213763929;7.6733568905;5.1367483588;0;1.4433367905;0;0;18.7868684591;0;0;13.7920024111;0;6.9237371997;396.193583685;0;0;0;0;0;1;0;2;0;0;6.9237371997;0;2.2400498178;3.479402609;13;0;4;0;0;14.1432246788;0;30.9956642101;0;0;0;0;6;3.3543003219;5.5731045301;6.9237371997;6.5789356836;0;0;9.359585469;4.5237471617;14.5236861593;0;4.8845970653;0;0;0;0;0;7.0959542919;0;43.7691;6.6068819645;C6H11O6P;0;0;0;0;0;7.9903814829;0;6;24;0.6899;0.47596201;43.0092;26.336723;154;102.87;210.02932479;302;12;56;373.07;0;0;0;2;0;1;3;0;0;0;11.999;30.9745700522;-0.3152255237;0.4647184445;2.3336598397;7.3471165623;25.253277;12;0.7125679475;-0.5735776307;0.2839682348;0.0837478991;-0.3419232079;23.2972280135;23.0693741961;24.3284907801;17.0100444754;13.0957114575;351.3147944698;356.4087424084;399.1904391957;328.9637570206;240.4124021487;6;2;0.5;9;5;3;0.5;0.894427191;2.8284271247;0;1;1.3731780959;0;1;0;0;1.6035674515;2.5298221281;0.3333333333;0;0;0;0;0;0;1.35;0.5;6;0;4.5849625007;-1.224
ChemSpider;10272879;1.8;;1.839;442;0;12.1705821019;0;0;12.1705821019;0;0;0;0;0;0;0;0;0;0;0;0;0;164.326206573;0;0;1155.036;0;0;0;0;8;0;0;0;0;0;0;0;441.52;0;0;0;0;64.3079938295;93.4100075504;1.135704151;0;102.130547897;0;1104.636;0;59.8050604921;39.9106105072;4.5952;0;4;0;0;4;16;0;434;0;0;0;-10.4;0;0;0;0;0;0;0;0;0;0;0;0;0;18.9474518152;0;114.990236666;0;20;0;0;0;0;0;0;78.9516845472;103.128240164;0;18.9474518152;150.962278999;6.4208216229;0;0;0;24;0;0;4032.11040831;471.525899283;0;15.9957551603;0;0;0;121.077999712;54.2013782003;0;8.4425998123;19.6573874392;0;15.9957551603;114.990236666;0;39.1302207835;0;0;210.064253154;0;73.0062708634;2.41759004202e+19;0;0;0;0;0;0;78.86277189;20;0;0;24.2654682738;0;20.9781392793;20.9781392793;84;0;24;0;0;0;0;235.833333333;0;16;0;0;24;25.6905831386;75.6968174071;70.7847425145;24.2654682738;0;0;0;0;121.077999712;0;25.6905831386;4;0;0;0;4;42.9501793904;16;285.505;23.8576845262;C60H50O24;0;0;0;12;0;42.9501793904;0;7;134;-4.9123;24.13069129;317.3466;158.18765;3377;441.52;1154.26920288;32304;180;486;14053.24;0.7619047619;0;0;0;37;11;0;9;3;0;11.996072859;16.018480595;-0.4134116291;0.138495356;4.9360410598;13.6102572454;62.32435;95;1.8857776051;-0.4771050523;-0.4384249185;-0.0223131801;0.2286358555;102.587256853;104.2985753597;166.5971507194;210.438466615;226.5326186886;7022.3811650876;8865.4877717166;13890.4884578484;16904.4528328613;18084.8932255899;4;20;0.2;25;9;3;0;0;0;0;16.5793810668;0;0;0;0;0;0;9.5769449833;0.7323538223;0;0;0;0;0;0;5.42;0.5;7;2;7.5698556083;5.052
